,SMILES,Activity
0,CN(C[C@@H]1Cc2c(cccc2N2CCNCC2)CN1)[C@H]1CCCc2cccnc21,0
1,COc1ccc(CCOC(=O)C2=C(c3ccccc3)CCN(C)C2)cc1,0
2,NCCCCN(Cc1ccccn1)C[C@H]1Cc2ccccc2CN1,0
3,C[C@@H]1CCCN1C(=O)CN1CCCc2ccccc21,0
4,COc1ccc(C23c4ccccc4C(=O)N2CCN3C(=O)c2ccc(F)c(F)c2)cc1C,0
5,CN(C)CCNC(=O)C1=C/C(=C\c2cccnc2)c2ccccc21,0
6,COC(=O)c1c(C)[nH]c2ccc3c(c12)CN1CCc2cc(OC)ccc2C1O3,0
7,O=C(NC1CCCCC1)N1CCN2CCC[C@@H]2C1,0
8,CCON=C1CN2CCC1C2,0
9,O=C(N1CCCCC1)N1CCCc2cnccc21,0
10,COC(=O)C1=C(c2ccccc2)CCN(CCc2ccc3c(c2)CCO3)C1,0
11,Cc1cc(C2CCCN2)oc1C,0
12,Cc1nn(C)c2sc(C(=O)NCc3ccc(F)cc3)c(N)c12,0
13,CC1COC[C@@H](CN(C)C)O1,0
14,CC(C)C[C@H]1CNC(=O)O1,0
15,Cc1nc(C2=CCCN(C)C2)no1,0
16,CCC(=O)OC1CC2CC(OC(=O)CC)C(C1)N2C,0
17,COc1noc2c1CNCC2,0
18,CN1Cc2ccccc2C[C@@H]1CN(CCCCN)Cc1ncccc1O,0
19,COc1ccccc1C1=C(C(=O)OCCc2ccc3c(c2)CCO3)CC(N)C1,0
20,CCN1CCC=C(c2nc(C)no2)C1,0
21,C[C@@H]1CCCN(C(=O)CN2c3ccccc3C[C@H]2C)C1,0
22,C[C@@H](C1=C(CCN(C)C)Cc2ccccc21)c1ccncc1,0
23,CN(C)CC1CCC2CN1C[C@H](C(=O)O)C2=O,0
24,CCC(=O)N1CCN(CC(=O)NC2CCCCC2)CC1,0
25,CC1(C)C[C@H]1[C@@H](O)C1CCC[N+]1(C)C,0
26,CCOC(=O)C1=C(c2ccccc2)CCN(C2CCN(S(=O)(=O)c3ccccc3)CC2)C1,0
27,NC1C=C(c2nc(C3CCC3)no2)C1,0
28,c1cncc(COCC2CCNC2)c1,0
29,COc1cccc(C2=C(C(=O)OCCc3ccc(OC)c(OC)c3)CNCCC2)c1,0
30,COC(=O)OC1CC2CC(OC(=O)/C=C\c3ccccc3)CC1N2C,0
31,CC(C)NC(=O)N1CC[C@H](NC2=Nc3cc(Cl)ccc3N(CC(F)(F)F)c3ccc(Cl)cc32)C1,0
32,CN1CCC[C@@H]1c1ccco1,0
33,Cc1cccc2c3ccc(NCC(=O)N4CCCCC4)cc3n(C)c12,0
34,Clc1ccc(-c2noc(C3CCN(c4cnc5ccccc5c4)CC3)n2)c(Cl)c1,0
35,CC(C)NC(=O)C(C)(C)N1CCN(C2CCCCC2)CC1,0
36,Cc1ccc(-c2ccc(F)c(CN3Cc4ccc5nncn5c4C3=O)c2)cn1,0
37,Cc1c(CCN(C)C)sc2ccccc12,0
38,O=C(CN1Cc2ccccc21)N1CCCCC1,0
39,CC(C)C[C@@H]1COCCO1,0
40,C[C@@H]1OC[C@H](CO)O1,0
41,CCNC[C@@H]1CN(C)C(=O)O1,0
42,CN(CCCC(O)(c1ccccc1)c1ccccc1)CCC(O)C(O)(CCCN(C)c1ccccc1)c1ccccc1,0
43,CC#CCN(C)CC/C=C\C,0
44,NCC#CCNCC=C(c1nc(C2CCC2)no1)C1CCC1,0
45,CC[N+](C)(CCCCC[N+](C)(C)CC#CCN1CCCC1=O)CC(C)(C)N1C(=O)c2cccc3cccc1c23,0
46,C[C@H]1OC12CN1CCC2CC1,0
47,CN(C)C[C@@H]1CCc2cccc(O)c2C1,0
48,NC1CC1c1ccco1,0
49,O=C(NCCCN1CCN(c2ccccc2)CC1)NN(Cc1ccc(Cl)cc1)c1ccccc1,0
50,CN1C2CCC1CC(OC(=O)c1ccccc1)C2,0
51,CC1=C(c2nsnc2C)CN(C)CC1,0
52,C[N+]1(C)CCc2ccc(O)cc2C1,0
53,CCOc1cc2c(cc1OC)CCN1Cc3c(ccc4[nH]ccc34)OC21,0
54,COC(=O)c1ccc2c(c1)N(C(=O)N1CCCCC1)CC2,0
55,CC(=O)OC1CC2CCC1N2C,0
56,CC[N+](C)(CC)CCOc1cccc(OCC[N+](C)(C)C)c1OCCN,0
57,CC(=O)N[C@@H]1Cc2c(cccc2N2CCN3CCC[C@H]3C2)CN[C@@H]1C1CCCc2cccnc21,0
58,CN(C)CCCC1=C(Cc2cccnc2)c2ccccc2C1,0
59,OC(CN1CCN(c2ccccc2)CC1)(c1ccccc1)c1ccccc1,0
60,CCN(Cc1ncccc1OCC(F)(F)F)C[C@H]1Cc2ccccc2CN1,0
61,CCCCNC(=O)CN1CCN(C(=O)CCC)CC1,0
62,C[C@H]1[C@@H](O)CO[C@@H]1C,0
63,CN(C)CC#CCN(C)C,0
64,CC1=C(c2ccccc2)CCN(C2CCN(C(=O)c3c(C)cccc3Cl)CC2)C1,0
65,CC1C[C@@H](CO)O[C@H]1C,0
66,C[N+](C)([O-])CCOC(=O)c1ccc(Cl)cc1,0
67,CN(C)CC/C=C/CCCN(C)C,0
68,CCC1CCN(CC(=O)n2c3ccccc3c3ccccc32)C1,0
69,C[C@H](C[N+](C)(C)C)[C@H]1O[C@H](CO)C(C)(C)O1,0
70,CCNC(=N)N1CCCc2cc(NC(=N)c3cccs3)ccc21,0
71,CC(=O)N1Cc2c(cccc2N(C)C)C[C@H](CN(C)[C@H]2CCCc3cccnc32)C1,0
72,CCN(C(=O)N1CCN(C2CCCC2)CC1)C1CCCCC1,0
73,CCN(Cc1ccc(Cl)cn1)C[C@H]1Cc2ccccc2CN1CC,0
74,CCCC(=O)OC1CC2CC(OC(=O)CC)CC(C1)N2,0
75,CC(C)(C)OC(=O)NCCCCCCC(=O)C(C#N)N1CCCC1,0
76,CNCCOc1nsnc1C1=CCCC1,0
77,COc1nnc2ccc3c(c2c1C)CN(Cc1cc(-c2cnc4ccccc4c2)ccc1F)C3,0
78,Cc1ccnc(-c2cc([C@H]3CC[C@H](N4CC(C)OC4=O)[C@@H]3c3ccccc3)cnc2N)n1,0
79,COc1ccc([C@@]23c4ccccc4C(=O)N2CCN3C(C)c2cc(F)c(F)c(F)c2)cc1,0
80,CCC(C)NC(=O)CN1CCN(C(C)=O)CC1,0
81,NC1CCc2ccc(O)cc2C1,0
82,CO[C@@H]1C[N+](C)(C)C[C@@H]1OCCO,0
83,O=C(O)C1CCN(CC(O)CN2CCCc3ccccc32)C1,0
84,CCN(CC)C(=O)OC1CC2CC(=O)CC1N2C,0
85,CCCN(CC(=O)NC1CCCCC1)CC(=O)NC1CCCCC1,0
86,CS(=O)(=O)c1ccc(NC(=O)N[C@H](Cc2ccc(O)cc2)C(=O)N[C@@H]2CCN(Cc3ccc(O)cc3)C2)cc1,0
87,C[C@@H]1C[C@H]2c3ncccc3CCC[C@@H]2N(c2cccc3c2C[C@@H](N)NC3)C1,0
88,CN(C)CCNC(=O)C1=C(Cc2ccncc2)c2ccccc2C1,0
89,CC(C(=O)NC1CCC(F)(F)CC1)N1CCN(C2CCCC2)CC1,0
90,CCc1noc(C2=CCC(C)N(C)C2)n1,0
91,CN(C)CCNCC=C(C1=CCN(C)C1)c1nc(C2CCCC2)no1,0
92,CC(C)N(C)C[C@@H]1COCC(C)(C)O1,0
93,COc1ccc(CN2CCc3onc(OC)c3C2)cc1,0
94,NCC1(c2ccco2)CCC1F,0
95,COC(=O)C1CC(N)=C(c2ccccc2)C1,0
96,CCN(CC)CC1CCC2CN1CC(=C(O)O)C2=O,0
97,Cc1ccc2c(c1)N(CC(=O)N1CCCCC1)C(=O)C2,0
98,CCNC(=O)CN1CCNCC1,0
99,Cc1nc2c(cc1C(C)C)CCC[C@@H]2N(CCCCN)C[C@H]1Cc2ccccc2CN1,0
100,NCCC(=C(C(=O)OCCc1ccc(O)cc1)C1=C(c2ccccc2)CCNC1)c1ccccc1,0
101,CCCCC/C=C/c1ccc(O)cc1,0
102,CNc1cc(CO/N=C/C2CN3CCC2C3)on1,0
103,COc1cc(OC)c2c(c1OC)[C@@]13CCN4CC5=CCO[C@H]6CC(=O)N2[C@H]1[C@H]6[C@H]5C[C@H]43,0
104,CCC(=O)OC1CC2CCCC1N2,0
105,CN(C)CCNC(=O)C1=C(c2nc(C3CCCC3)no2)C1,0
106,Cc1coc([C@H]2CCC[N+]2(C)C)c1,0
107,Cc1ccc(/C=C2\CN3CCC2C3)cc1,0
108,C[C@@H]1CCC[C@H]1COC(N)=O,0
109,C#C[C@@H](COC)Oc1cccc(C)n1,0
110,COC1CCCN(C(C)CN2CCCc3ccccc32)C1,0
111,CN1CCN(c2cccc3c2CN[C@@H](CN(C)Cc2cccnc2)C3)CC1,0
112,CCN(CC)CCN(C)C(=O)C1=C/C(=C\c2ccccn2)c2ccccc21,0
113,CN1CCN(CC(=O)NC2CCN(CC(=O)N3c4ccccc4C(=O)N(C)c4ccccc43)CC2)CC1,0
114,C[C@@H](NC(=O)CNC(=O)CNC(=O)CNC1CCN(CC(=O)N2NC(=O)Nc3ccccc32)C(=O)CN1)C(N)=O,0
115,COc1cc(CCOC(=O)C2=C(c3ccccc3)CCC(CCN)C2)cc(OC)c1OC,0
116,NCCCC1=C/C(=C\c2cccnc2)c2ccccc21,0
117,C[C@@H]1CCNC1c1ccco1,0
118,C[C@@H]1O[C@H](CO)[C@@H](C[N+](C)(C)C)O[C@H]1C,0
119,Brc1noc(C2CN3CCC2CC3)n1,0
120,C[C@H]1OC[C@](C)(CO)[C@H]1C,0
121,CO[C@@H]1[C@@H](O)CC[N+]2(C)CCC[C@@H]12,0
122,C[N+](C)([O-])Cc1ccccc1,0
123,NCC(=O)C1=C/C(=C\c2ccncc2)c2ccccc21,0
124,CCc1coc(C2CCCN2)c1C,0
125,C[C@H]1Cc2cccc(N3CCN4CCC[C@H]4C3)c2C[C@@H](c2cccc3c2C[C@H](N)NC3)N1,0
126,CCCCc1noc(C2=CCCNC2)n1,0
127,CC(C)(C)c1noc(C2=CCNC2)n1,0
128,C[C@H](C[N+](C)(C)C)[C@@H]1COC1(C)C,0
129,CC[N+](C)([O-])C[C@@H]1COC1(C)C,0
130,C[C@H]1NC(=O)O[C@@H]1CN,0
131,CC(COC(=O)C1=C(c2ccccc2F)CCN(C)C1)c1ccc2c(c1)CCO2,0
132,C[C@@H]1OC[C@H](C[N+](C)(C)C)O[C@H]1C,0
133,CN1C2CCC1CC(OC(=O)CCCC#N)C2,0
134,Fc1cc([C@@H]2CCCN2)co1,0
135,COc1ccc2c(c1)CC(CCN(C)C)=C2Cc1cnccn1,0
136,COc1ccc2c(c1)N(C(C)N1CCCC1)CC2,0
137,CC1(C)OC(=O)N([C@H]2CC[C@H](c3cnc(N)c(-c4ncc(F)cn4)c3)CC2)[C@H]1c1ccccc1,0
138,COC(=O)C1CC(NC(C)=O)=C(c2ccccc2)C1C(=O)OC,0
139,CC(=O)OC1CC2CC(=O)CC1N2,0
140,CNC(=O)CN1CCC(NC(=O)CN[C@H](CCCNC(=N)N)C(=O)N[C@@H](C)C(=O)N[C@@H](CCCNC(=N)N)C(=O)NC)N1,0
141,OC1=C(c2ccccc2)CCN(CCc2ccccc2)C1,0
142,CC(C)(C)NC[C@@H]1CO1,0
143,CN1CCc2onc(OCc3ccccc3)c2C1,0
144,CCN1CCC[C@H]1c1ccoc1,0
145,COc1cc2c(cc1OC)C1c3c(ccc4[nH]cc(COC(C)=O)c34)CN1CC2,0
146,C[C@@H]1[C@@H](C)O[C@@H](CO)C1(C)C,0
147,C[C@@H]1OC[C@@H](C#N)OC1(C)C,0
148,N[C@@H]1CC(=O)CC1CCO,0
149,CCn1cc(C(=O)O)c2c3c(ccc21)OC1c2ccc(O)cc2CCN1C3,0
150,Cc1ccc(C2=C(C(=O)OCc3ccc4c(c3)CCO4)CNC2)cc1,0
151,CCN1Cc2ccccc2C[C@@H]1CN(CCCCN)[C@@H](Cc1ccccn1)N(C)C,0
152,O=C(CN1CCCCC1)N1c2ccccc2C[C@@H]1CO,0
153,CNCCc1sc2ccccc2c1-c1ncsc1C,0
154,CN1C2CCC1CC(O)C2,0
155,NCCC(=C(C(=O)OCCc1ccccc1)C1CCCNC1)c1ccc(Cl)cc1,0
156,NCC1=C(c2nc(C3CC3)no2)CC1,0
157,CCN1C(=O)CN[C@H](CCCNC(=N)N)C(=O)N[C@@H](C)C(=O)N[C@@H](CCCNC(=N)N)C(=O)NC1CCN1CC(=O)N1,0
158,COc1ccc2c(c1)N(CC(=O)N1CCCC(O)C1)CCC2,0
159,NCC(=C(C(=O)OCCc1ccc2c(c1)CCO2)C1=C(N)C1)c1ccccc1Cl,0
160,O=C(CN1CCCCC1)N1CCCc2ccc(Br)cc21,0
161,Cc1noc(C2=CC(C)CN(C)C2)n1,0
162,CC1(C)CC2(CN3CCC2CC3)O1,0
163,CCCOc1noc2c1CNC[C@H]2C,0
164,CC1(c2ccco2)CCC[C@]1(C)c1ccco1,0
165,CN(C)CCC#CCN,0
166,CC(=O)NC(CCN1CCN(CCCC(O)(c2ccccc2)c2ccccc2)CC1)(c1ccccc1)c1ccccc1,0
167,C[C@@H]1Cc2onc(O)c2CN1,0
168,CC1NC[C@@H](CN)OC1=O,0
169,CN(C)CCc1ccccc1,0
170,c1cc2ncc1NCc1ccc(N3CCNCC3)cc1C[C@@H]1CN(CC3CCCCC3)[C@H]1CCC2,0
171,CCN1CCC(c2ccccc2)=C(C(=O)OCc2cccc([N+](=O)[O-])c2)C1,0
172,Cc1cncc(CNC[C@H]2Cc3c(cccc3N3CCNCC3)CN2)c1,0
173,CCC(=O)Nc1ccc(NC(C)CN2CCCc3ccccc32)cc1,0
174,Cc1c2c(N)c(C(=O)NCc3ccccc3Cl)sc2nn1C,0
175,CC(C)N1Cc2ccccc2C[C@@H]1CN(C)Cc1ccccn1,0
176,CC(C)CN1CCC[C@H]1[C@H](O)[C@@H]1CCC[N+]1(C)C,0
177,CO[C@H]1CC[C@@H](NC(=O)NC2CCN(C3CCCC3)CC2)CC1,0
178,C[C@H]1C[C@H](CN(C)C)[C@@H](O)CO1,0
179,C[C@@H]1O[C@@H](CO)CC1(C)C,0
180,C[N+]1(CCO)CCc2ccccc2C1,0
181,COC(=O)C1CCC=C1c1ccccc1,0
182,CC[C@@]1(C)CCc2cc(O)ccc2C1,0
183,CC[N+]1(C)CCC[C@H]1[C@@H]1CO[C@H](CO)[C@@H]1C,0
184,CC(C)(C)/N=c1\ccc2c(cc1)-c1ccc(S(N)(=O)=O)cc1S(=O)(=O)c1ccc(CO)cc1-2,0
185,CC(C)N(Cc1ncc(Cl)cc1F)C[C@H]1Cc2ccccc2CN1,0
186,CCOC(=O)Cc1noc(C2=CCCN(C)C2)n1,0
187,COCC(NC(=O)N1CCN(C2CCCC2)CC1)C1CCCCC1,0
188,CC[C@H](O)c1ccc([C@H]2CCCN2)o1,0
189,Cc1oc(C2CCCN2C)cc1C#N,0
190,C[N+](C)(C)CCC#CCOC(=O)c1ccc(Br)cc1,0
191,COc1cc2c(cc1O)CC[N+](C)(C)CC2,0
192,CCN1CCC(COCc2ccncc2)C1,0
193,CN(C)CCCC1(c2ccco2)CCCC1,0
194,C[C@H](CN(C)C)[C@@H]1O[C@@H](C)C(C)(C)O1,0
195,CCOC(=O)OC1CC2CC(C)CC1N2,0
196,CCN(CC)C(=O)CN1CCN(C(=O)C(C)C)CC1,0
197,CC[N+](C)(C)C[C@H]1COC(C)(C)CO1,0
198,Cc1coc([C@@H]2C[C@@H](F)CN2)c1,0
199,NCC(COCc1ccc(Cl)nc1)C1CCNC1,0
200,CN1C2CCCC1C(CO)C(O)C2,0
201,CCCN1CCNCC1,0
202,C[N+](C)(C)CC(O)c1ccccc1,0
203,Cc1cnn(C(C)c2sc3ccccc3c2CCN(C)C)c1,0
204,C[C@@H]1[C@@H](CN(C)C)OC1(C)C,0
205,C[C@H]1O[C@H]([C@H]2CCC[N+]2(C)C)C[C@@H]1O,0
206,CC#CCNCC#CC,0
207,CN[C@H](C)C#Cc1cc(C2CCCC2)no1,0
208,CN(C)CC=CCN(C)C,0
209,Cc1nn(C)cc1-c1ccc(CN2Cc3ccc4nc(C)n(C)c4c3C2=O)c(F)c1,0
210,NC1C2CC(=O)CC1C(O)C2,0
211,CC(C)c1ccc(/C=C\C(=O)OC2CC3CC(O)(C2)N3C)cc1,0
212,CC(C)(C)NC(=O)C(C)(C)C(=O)NCCN1CCN(C2CCCCC2)CC1,0
213,CC(C)C[N+](C)(C)C[C@@H]1COC[C@@H](C)O1,0
214,C[C@H](C#N)NC[C@H]1COC[C@@H](C)O1,0
215,CCC1CCCN1C(=O)CN1c2ccccc2C1(C)C,0
216,CCN1CCC(C)=C(c2nsnc2SC)C1,0
217,COC(=O)OC1CC2CCC(C1)N2,0
218,CN(C)C[C@@H]1O[C@H](CO)C(C)(C)O1,0
219,CC(C)N(C)C[C@H]1COC[C@H]1C,0
220,CC#CCN(C)CC#N,0
221,COC(=O)C[C@H]1COCCO1,0
222,C/C=C\CN(C)CCN,0
223,C=CC[C@H]1CO[C@H](C)CO1,0
224,CN1CC[C@@H](CN)OC1=O,0
225,C[C@@H]1OCC(C)(C)[C@@H]1O,0
226,C[C@H](NC(=O)CNCC(=O)NC1CCN2CC(=O)N(C)CN12)C(=O)N[C@@H](CCCNC(=N)N)C(=O)NC(=O)N(C)C,0
227,CCCC(N)C1CCc2c(cccc2OC)C1,0
228,CC(C)C[C@H]1CO[C@H](C)C1(C)C,0
229,Cc1ccn(-c2ccc(CN3Cc4c(F)cc5nnc(C)n5c4C3=O)c(F)c2)n1,0
230,CC(C)(C)O[C@H]1CCC[N+]2(C)CCC[C@H]12,0
231,COC[C@H]1[C@@H]([C@@H]2CCC[N+]2(C)C)OC[C@H]1O,0
232,CCC[C@H](NC(=O)NC1CCCCC1)C(=O)NC1CCCCC1,0
233,COc1ccc(C#CC[N+](C)(C)C)cc1,0
234,CO[C@@H](CO)Cc1ccccc1,0
235,CN1CC#CCN(C)C1,0
236,COc1ccc(OC)c(CN(C)C)c1,0
237,CCN(Cc1cc(Cl)ccn1)C[C@H]1Cc2cc(OC)ccc2CN1,0
238,C[C@@H](Cc1ccccc1)OC(=O)C1=C(c2ccccc2)CCCNC1,0
239,CC1CCc2ccccc2N1CCC(=O)N1CCC(C)(C)C1,0
240,CC1CCN(C(=O)N2CCc3cc(Br)ccc32)CC1,0
241,COc1cccc2c1CC[N+](C)(C)C2,0
242,CCC(NC(=O)CN1CCN(CCN)CC1)C1CCCCC1,0
243,CC(C)[C@@H]1COC[C@H](C)O1,0
244,Cc1ccc(C2CCN2)o1,0
245,CC(C)NCCc1sc2ccccc2c1-c1ccsc1,0
246,C#CCN(C)CC/C=C/CN,0
247,C[C@H](O)C[N+](C)(C)C/C=C/[C@H]1COC1(C)C,0
248,CC[N+](C)(C)CC1OC[C@H](C)O1,0
249,CN(C)CC/C=C/c1ccccc1,0
250,Cc1nnc2ccc3c(c2c1C)CN(Cc1ccc(-n2cccn2)cc1)C3,0
251,CCCN1C[C@@H](CN)OC(=O)[C@@H]1C,0
252,C[C@H]1OC[C@@H](CN)CO1,0
253,C[C@H](C[N+](C)(C)C)O[C@@H]1COC[C@@H]1C,0
254,C=CCOC[C@H]1[C@H](O)CCC[N+]2(C)CCC[C@@H]12,0
255,COc1cc(/C=C/C[N+](C)(C)C)ccc1O,0
256,CO[C@H]1CN(C)C[C@H]1C,0
257,COC[C@H]1CCC[N+]1(C)CCC[C@@H]1O[C@@H]1CO,0
258,COC[C@@H](C)N(C)Cc1ccc(C)cc1,0
259,CC[N+](C)(C)CC#CC1OC(=O)[C@@H]1N,0
260,CN1CC(=O)N(CC#CC[N+](C)(C)C)C1,0
261,CN(C)CCNCc1ccc(C2CCCC2)o1,0
262,COC[C@@H](C)C[N+](C)(C)C,0
263,CC1=C(CO)C[C@@H](CO)O[C@H]1C,0
264,Cc1ccc(CN2CCN3C(=O)c4ccccc4C23c2ccc(F)cc2)cc1,0
265,OC[C@@H]1C[C@@H](O)CCN1CCN1CCCc2ccccc21,0
266,CC1(C)Cc2cc(CCOC(=O)c3ccccc3C3=C(N)CC3)ccc2O1,0
267,CCN[C@@H](C)CNC(=O)N[C@H]1C=C(c2nc(C3CCCC3)no2)C1,0
268,C[C@H]1O[C@H](CN(C)C)C[C@H]1CO,0
269,CCCC(=O)OC1CC2CC(CC1OC(=O)OC)N2C,0
270,C[C@H](N)C(=O)Nc1ccc2c(c1)C(C(N)=O)=C/C2=C\c1cccnc1,0
271,CN1CCc2ccccc2N1C(=O)N1CCCC1,0
272,CN(C)C[C@@H]1CO[C@@H](CF)CO1,0
273,CCN1C2CC(OC(=O)c3ccc(OC)cc3)CC1C(O)C2,0
274,C[N+](C)(C)CCOc1ccc(OCC[N+](C)(C)C)c(OCC[N+](C)(C)C)c1,0
275,COc1cc2c(cc1O)C1Cc3c(ccc4[nH]ccc34)OC21,0
276,C[C@H]1OC[C@H](CN(C)C)[C@H](C)O1,0
277,COCCC(C)[C@H]1CNC(=O)O1,0
278,CC(C)CNC(=O)CN1CCN(C)CC1,0
279,CC(C)Cn1c(N[C@H]2CCN(C(=O)OC(C)C)C2)nc2cc(Cl)ccc21,0
280,C[C@@H]1[C@@H](CO)[C@@H](CO)O[C@@H]1C,0
281,CC(CCCCCC(=O)C(C)N1CCCC1)NC#N,0
282,Cc1csc(Cc2c(CN(C)C)sc3ccccc23)c1,0
283,CC(C)(C)OC[C@H]1COCCCCO1,0
284,CCCC1C(=O)N(C(=O)CN2CCCC2)c2ccccc2-c2ccccc21,0
285,Cc1cc([C@@H]2C[C@@H](F)CN2C)oc1C,0
286,NC1CC(COCc2ccc(F)nc2)C1,0
287,C=CCN(C)CC#CCN,0
288,CNC(=O)OC[C@@H]1CCCC[N+]1(C)C,0
289,CN1CCC=C(c2cc(-c3ccc(F)cc3)no2)C1,0
290,C/C=C(\C)C[C@H]1OC[C@H](C)O1,0
291,CCCCCCc1ccc(O)c(C)c1,0
292,N#Cc1cccc2c1N(CC(=O)N1CCCCC1)C2=O,0
293,CN(C(=O)CN1CCCCC1)C1CCCCC1,0
294,COC[C@@H](CN(C)C)Oc1ccccn1,0
295,C[C@H](O[C@H](CO)[C@@H]1CCC[N+]1(C)C)[C@H]1CCC[N+]1(C)C,0
296,CC(C)(C)OC(=O)OC1CCCC1N,0
297,C/C(CC#CCN)=N\O,0
298,C/C(CCN(C)C)=N\O,0
299,C[C@@H]1CN(C)C[C@H](CO)O1,0
300,CCCCC#CC1CC(OC(=O)OCCCO)C2CCCC12,0
301,CN1C[C@@H](O)[C@@H](OCCO)C1,0
302,CO[C@H]1OC[C@@H](CO)CO1,0
303,Cc1ccn(C(CCN(C)C)c2sc3ccccc3c2C)n1,0
304,CN1CC=CCN(CC#CC[N+](C)(C)C)C1,0
305,C[C@@H]1OC(C)(C[N+](C)(C)C)[C@@H]1CO,0
306,C[C@@H](N)CSC1(C)OC1=O,0
307,O=C1CN(c2ccccc2C(F)(F)F)N2CCCCC12,0
308,CN(C)CC#CCN1CC#CCNCC1,0
309,COC1(OC)CC2CCCC1N2C,0
310,CC1C(=O)CC(C)(C)C1O,0
311,CC1(C)OC[C@H](O)C1(C)C,0
312,CC[N+]1(C)CC#CCN(C(C)=O)C1,0
313,CC1(C)C(O)CCN1C(=O)CN1c2ccccc2C[C@@H]1C#N,0
314,CC(=O)N1Cc2ccccc2C[C@@H]1CN(Cc1ncccc1C(F)(F)F)C(C)C,0
315,COc1ccccc1CCOC(=O)C1=C(c2ccccc2)CCCN1C,0
316,CCC(C1=C(CCNC(C)C)Cc2ccccc21)c1cccnc1,0
317,CCC(=O)N1CCC=C(c2noc(N)n2)C1,0
318,CC(C(=O)N1CCCC(O)C1)N1CCCc2ccccc21,0
319,CN(C)C(=O)c1ncc2c(c1Br)N(C(=O)N1CCCCC1)CCC2,0
320,C[N+](C)(C)C[C@@H]1CCc2ccccc2C1,0
321,CC1(C)CCCN1C(=O)CN1c2ccccc2Cc2ccccc21,0
322,C[C@H]1O[C@H](CO)[C@@H](CN(C)C)O1,0
323,CN[C@@H](COCc1cccnc1)C1CCC1,0
324,CCOC(=O)C1CC=C(c2nc(C)no2)CN1,0
325,C[C@H]1C[C@H](C#N)[C@@H](O)CO1,0
326,CCO[C@@H]1C[N+](C)(C)CC1O,0
327,CN(C)CCC[N+]1(C)CCC[C@H]1c1ccco1,0
328,CN1C2CC(=O)CC1C(CO)C2O,0
329,Cc1noc(C2=CC(C(C)C)CNC2)n1,0
330,CCN(C)CC#CCCCN,0
331,CO[C@@H]1COC[C@H]1CN(C)C,0
332,CN(C)C1CC2CCCC1N2,0
333,CC1(C)Cc2cccc(O)c2C[N+]1(C)C,0
334,CC1/C(=N/C#N)CN2CCC1C2,0
335,C[C@@H](/C=C\[C@H]1COC[C@H](C)O1)CO,0
336,CC(c1ccccc1)N1CCc2onc(O)c2C1,0
337,C[C@H]1OC[C@@H](O)[C@H](C#N)C1(C)C,0
338,Fc1ccc(CN2CCc3oncc3C2)cc1,0
339,Cn1cc(-c2ccc(CN3Cc4ccc5c(n4)c4ccc5n4C3=O)c(F)c2)cn1,0
340,CO[C@H]1CCC[N+]2(C)C(N)[C@@H](O)C12,0
341,CC[N+](C)([O-])C[C@H]1OC(=O)[C@H](C)O1,0
342,CCCN1CCc2ccc(O)cc2C1,0
343,NC1C(=O)CC(CO)C1CO,0
344,CC1C(=O)CC2CC(O)C1N2C,0
345,C[C@H](O)C1C(O)CCC[N+]1(C)C,0
346,CC(C)(C)/C=C/[C@H]1COCCO1,0
347,C[C@H]1CC[C@H]([C@@H]2CO[C@H](CO)[C@H]2CO)O1,0
348,NCC#Cc1cc(C2=CCNC2)nc(C2CC2)n1,0
349,COCC(C)(C)Cc1cccc(C)n1,0
350,C[C@H]1OC[C@H](CO)CS1(C)C,0
351,CC12CN(CCC3CC3)C(O)CCC1O2,0
352,C=CC[C@H]1[C@H](O)[C@@H]2CCC[N+]2(C)C1(C)C,0
353,C(=C1CCc2ccccc2C1)c1cnccn1,0
354,CC1C(=O)CC2NC1CC2OC(=O)O,0
355,C[C@H](C[N+](C)(C)C)OC1(C)OC1(C)C,0
356,CC(N)C[N+](C)(C)C,0
357,C[N+](C)(C)CCCCN1CC#CC[N+](C)(C)C1,0
358,CC#CC1COCCO1,0
359,CN(C)C12CCCC1CC(O)C2,0
360,COc1nccnc1[C@H]1C=C(CCN(C)C)Cc2ccccc21,0
361,CO[C@@H]1COC[C@@H](C#N)C1,0
362,N=C1CN2CC1[C@@H](N)C2,0
363,CO[C@@H]1CNC[C@@H]1CO,0
364,CC(=O)N1CCCC1,0
365,CC1CCC2C(OC(=O)OCC(C)(C)C)C12,0
366,CC#CCN1CCCC1,0
367,CC(C)(C)OC(=O)N[C@H]1CCC[C@H]1O,0
368,C[C@@]1(O)CCC[C@H]1[C@H](O)C1C=C[C@@H](C#N)C1(F)F,0
369,CCOC(=O)C1=C(c2ccccc2)CCN(C(C)Cc2ccc3c(c2)OCO3)C1,0
370,CCC(=O)OCC(=O)N1CCN2CCC[C@@H]2C1,0
371,NC(=O)c1cc2c3c(ccc2[nH]1)OC1c2ccccc2CCN1C3,0
372,C[C@H]([C@H]1CCCc2cccnc21)N1Cc2cccc(N3CCN(C4CC4)CC3)c2C[C@H]1N,0
373,CCOC1=C(c2ccc(Br)cc2)CCN(CCc2ccc3c(c2)OCO3)C1,0
374,CN[C@@H](C)C=C(c1nc(C2CC2)no1)C1CC1,0
375,CCC(C(=O)NC1CCCCC1)N1CCN(C(=O)C(C)C)CC1,0
376,C[C@H]1CCCN1C(=O)N1CCc2ccc(F)cc21,0
377,CCCCNCC1CCc2cc(O)ccc2C1,0
378,CC(C)(C)[C@@H]1CNC(=O)O1,0
379,CN(C)CCOC(=O)c1ccc2c(c1)C=C/C2=C\c1cccnc1,0
380,CN1CCN(c2cccc(N3CC(CN[C@H]4CCCc5cccnc54)C3)c2)CC1,0
381,O=C1c2ccccc2C2(c3ccc(Cl)cc3)c3ccccc3C(=O)N1CCN2c1ccc(F)cc1,0
382,Cc1ccccc1N1CCN(CC(C)(c2ccccc2)c2ccccc2)CC1,0
383,C/C(=C\CC#N)C[C@H]1COCCO1,0
384,COc1ccc(-c2cccc(CN3Cc4ccc5nnc(C)n5c4C3=O)c2)cn1,0
385,CC1OC(=O)N([C@H]2CC[C@H](c3cncc(-c4ncccn4)c3)CC2)[C@H]1c1ccccc1,0
386,CCOC(=O)OC1CC2CC(C1)N(C)C2C,0
387,CC(C)(C)C(=O)NCCCCCC(=O)C(C)(C#N)N1CCCC1,0
388,Cc1ccc([C@H]2C[C@H]2CN)o1,0
389,CNC[C@@H]1CN(C(C)C)C(=O)O1,0
390,C[N+](C)([O-])CCOc1ccccc1,0
391,CC(C)OC(C)COC(=O)C1=C(c2ccccc2)CN(C)CC1c1ccc2c(c1)CCO2,0
392,CNC1=C(c2ccc(Cl)cc2)C(C(=O)OC)C1,0
393,NCC1CC(COCc2cncc(Br)c2)C1,0
394,Oc1ccc2c(c1)N(CN1CCCCC1)CCC2,0
395,COC1CC2CC(OC(=O)c3ccc(Cl)cc3)CC(C1)N2,0
396,COc1sc2ccccc2c1-c1c(C)cncc1CCN(C)C,0
397,CCN(C)C/C=C/CC#N,0
398,CCCOC(=O)OC1CC2CCCC1C2,0
399,CCCCN1CCCN1CC(=O)n1c2ccccc2c2cc(F)ccc21,0
400,CN1C2CCCC1[C@@H](O)C2CC(F)(F)F,0
401,C[C@]1(N)CCC[C@H]1c1ccco1,0
402,C[C@@H]1C[C@@H](C#N)O[C@@H]1C,0
403,COc1ccc(CC[N+](C)(C)C)cc1,0
404,C[C@H](CN(C)C)[C@H]1COC(C)(C)CO1,0
405,C=C(C)CCc1coc([C@H]2CCC[N+]2(C)C)c1C,0
406,CNC(C)Cc1sc2ccccc2c1-c1cncs1,0
407,N=C1CN2CCC1C2,0
408,Cc1ccoc1C1CCNC1,0
409,O=C(OC1CC2CC(O)CC1N2)C(F)(F)F,0
410,C[C@H]1CCCN1Cc1ccco1,0
411,CCN1CNC(=O)O[C@@H](C)C1,0
412,CN(C)C/C=C/c1cccc(O)c1,0
413,O=C1c2ccccc2[C@]2(c3ccc(Cl)cc3)C1N2CCN1CCN1C(=O)c1ccc(F)c(F)c1,0
414,C[C@@H]1CC[C@H](c2ccc(C#N)o2)N1,0
415,C[C@H]1O[C@H](CO)C[N+]1(C)C,0
416,C#C[C@H](COC)OCc1ccc(C)cc1,0
417,CCNCC#CCCCN(C)C,0
418,C=CCN1CCC[C@H]1[C@H]1CO[C@H](CO)[C@@H]1C,0
419,CC#CCN(C)C/C(C)=N/C,0
420,C#CCOC(=O)c1ccccc1,0
421,CO[C@@H]1OC[C@@H](C[N+](C)(C)C)[C@H]1C,0
422,Oc1noc2c1CNC(F)(F)C2,0
423,Cc1ccc(C(O)CN(C)C)cc1,0
424,Cc1cc([C@]2(F)CCCN2)oc1C,0
425,CC1=C(c2nsnc2C(F)(F)F)CNCC1,0
426,COc1ccccc1N1CCN(CCO)C(c2ccccc2)(c2ccccc2)CC1,0
427,O=[N+]([O-])c1cccc(C2CCCN2)c1,0
428,CO[C@H]1C[C@@H](C)[C@H](O)CO1,0
429,CC[C@@H]1NCC(=O)O1,0
430,CCCCCC#CC1CCC(C)C1OC(=O)OCC#N,0
431,CN(C)C(=O)CN1CCN(CCN)CC1,0
432,Cc1ccnn1Cc1csc2ccccc12,0
433,C[C@@]1(C#N)CCC[C@H]1[C@H]1CO[C@@H](CO)[C@H]1CO,0
434,C[C@@H]1O[C@H]2CCC[N+](C)(C)[N+](C)(C)CCCC12,0
435,C[C@@H]1c2ccc3nncn3c2CN1Cc1cc(-c2ccc3ncccc3c2)ccc1F,0
436,C[C@@H](COC1(C)COC1(C)C)C[N+](C)(C)C,0
437,Cc1nccc2sc(CN(C)C)c(C)c12,0
438,COC[C@H](CN(C)C)OC,0
439,CC[N+](C)(C)CC1(C)COC1(C)C,0
440,NC[C@@H]1COC(=O)N1,0
441,Oc1ccc2c(c1)CC[N+]C2,0
442,C[C@@]1(O)C[C@H]([C@H]2CCC[N+]2(C)C)[C@H]1O,0
443,O=C(OCC(F)(F)F)OC1CCCC1CCC(F)(F)F,0
444,CC(=O)c1oc([C@]2(C)CCCN2)cc1C#N,0
445,C[C@@]1(CO)CCC[C@H]1[C@@H]1COC[C@@H]1O,0
446,CC(=O)N1CCN(c2cccc3c2C[C@@H]2CN4CC2CCCCCc2ccccc2CCC[C@H]34)CC1,0
447,C/C=C(\C#N)CCN(C)C,0
448,N=C1CC2CN1CCC2CCCO,0
449,CCNC1=C(c2nc(C(C)(C)C)no2)CC1,0
450,CC(O)CC[N+]1(C)COC1(C)C,0
451,CC(C)N1C[C@H](O)C(C)(C)C(C)(C)C1,0
452,C[C@H](C#N)OC1OC(=O)[C@@H](N)[C@@H]1C,0
453,C/C(=N\O)c1ccccc1,0
454,O=C(CI)N1CCc2[nH]c(O)c(C3CCNC3)c2C1,0
455,CNCCCc1cc2ccccc2s1,0
456,CC(C)(CN)c1ccc(O)cc1,0
457,C=C(C)[C@@H]1[C@H](O)C[C@@H]1O[C@H]1CCC[N+]1(C)C,0
458,NC(=O)OC[C@H]1CC[C@H](N)OC1,0
459,C[C@H]1[C@H](C[N+](C)(C)C)OCC1(C)C,0
460,C/C(=C\c1ccc(O)cc1)C(N)=O,0
461,C[C@H]1CC[N+]1(C)C[C@@H]1O[C@@H]1CO,0
462,C[C@H]1OC[C@H](O)C[N+]1(C)C,0
463,CC(C)(C)c1ccc(C2=C(C(=O)OCCc3ccc(F)cc3)CCNC2)cc1,0
464,CCc1nc(C2=CCCN(C(C)C)C2)no1,0
465,CN(CCN1CCCc2ccccc21)N1CCCC1,0
466,CCN(Cc1ncc(C(F)(F)F)cc1CNC(C)C)C[C@H]1Cc2ccccc2CN1C,0
467,CC(Cc1ccc2c(c1)CCO2)OC(=O)c1ccccc1C1=CCN(C)CC1,0
468,CCC1COc2ccc(CCOC(=O)c3ccccc3C3=CCNCC3)cc2O1,0
469,C/C(O)=C1\CN2CC(CCC2[C@H](C)N(C)C)C1=O,0
470,Cc1cc2c(cc1Cl)N(CC(=O)N1CCCC1)CC2,0
471,CCCC#CCOC(=O)OC1CC2CCCC1N2C,0
472,CCC1CCC(C)N1C(=O)CN1c2ccccc2C1C,0
473,C[C@H](N)[C@H]1Cc2c(cccc2N2C[C@H]3C[C@@H]2CN3)CN1,0
474,Cc1[nH]c(CC2=C(CCN(C)C)Cc3ccccc32)nc1CCO,0
475,CC(NCCC1CCC2CN1CC(C(=O)OC(C)(C)C)C2=O)C(=O)O,0
476,C=CCN1CCN(CC(=O)NC(CC)CCCC)CC1,0
477,CC(C)(COC(=O)c1ccccc1C1=CNCC1)c1ccc2c(c1)CCO2,0
478,CC(NC[C@H]1Cc2ccccc2CN1)c1ncccc1Cl,0
479,O=C(CN1c2ccc(Cl)cc2C[C@@H]1CO)N1CCCC1,0
480,CC(C)(C)OC(=O)N[C@@H](CO)C1=C(C(=O)OCc2ccc3c(c2)CCO3)CN(CCO)C1c1ccccc1,0
481,OCCCCCc1oc([C@@H]2CCCN2)cc1F,0
482,CCC(C)(C)c1noc(C2=CCN(C)C2)n1,0
483,CN(C)CC1CC2CC(=O)CC1N2C,0
484,CN1CCN(c2cccc3c2C[C@@H](CN[C@H]2CN(C)c4ncc(C#N)cc42)NC3)CC1,0
485,C[N+](C)([O-])CC#CCOC(=O)c1ccccc1Cl,0
486,O=C(c1c(F)cccc1F)N1CCC(N2CC=C(c3ccc(F)cc3)CC2)CC1,0
487,O=C(CN1CCCC1)N1c2ccccc2CC1(O)C(F)(F)F,0
488,C[C@@H](COC(=O)C1=C(c2ccccc2)CC(N)C1)c1ccccc1,0
489,C=CCN1C2CCCC1CC(OC(=O)CCC)C2,0
490,O=C(NC1CCCCC1)N(CCO)C1CCN(C2CCCC2)CC1,0
491,CCCN1C2CCC1CC(OC(=O)NC)C2,0
492,CN1C[C@@H]2Cc3cccc(N4CCNCC4)c3CN(C)[C@H]2CCCc2cccnc21,0
493,C[C@H]1COC[C@@H](C#N)O1,0
494,CCC(=O)OC1CC2CC(CC1C)N(C)C2,0
495,CN(CCCC(O)(CC(O)(CCN)C(O)(c1ccccc1)c1ccccc1)c1ccccc1)c1ccccc1,0
496,C[C@H](c1ccco1)C1CCCN1,0
497,CC(C)(C)CC(=O)N1CCN(CC(=O)NC(C)(C)C)CC1,0
498,CC(C)(C#N)C[C@@H]1COCCO1,0
499,CC(=O)OC1C(O)CC2CC(OC(=O)C(C)C)CC1N2C,0
500,C=CCCCSc1noc2c1CNCC2,0
501,C#C[C@H](COC)Oc1ccc(CO)nc1,0
502,O=C1Cc2cc(F)ccc2N1C(=O)CN1CCCC1,0
503,CC(C)N(C)C[C@H]1COC(C)(C)C1(C)C,0
504,C[C@H]1COC[C@@H](C(C)(C)O)O1,0
505,CCCC1CCC(NC(=O)N(C)C2CCN3CCC[C@@H]3C2)CC1,0
506,O=[N+]([O-])c1cccc(CN2CCc3onc(O)c3C2)c1,0
507,CN1C2CC(OC(=O)NCCF)CC1C2,0
508,CCC1CCCCN1C(=O)CNc1ccc2c(c1)[nH]c1ccccc12,0
509,CC1CC=C(c2nc(C(C)C)no2)CN1,0
510,CC(C)CN(C)C(=O)CN1CCNCC1,0
511,CCCN(C)C[C@H]1COCCO1,0
512,CC[C@@H]1CN(CC)C(=O)O1,0
513,CNC1CCc2ccc(OC)cc2C1,0
514,COc1ccc2c(c1)C(C)N(CC(=O)N1CCCCC1)C2,0
515,C[N+](C)([O-])C[C@H]1COC[C@@H](CF)O1,0
516,Cc1coc([C@H]2CC[C@H](F)N2)c1C,0
517,CCNCC(N)=C(c1nc(C2CC2)no1)C1CC1,0
518,CC1=C(CCN(C)C)Cc2ccc(F)cc21,0
519,CCCN1C2CC(=O)CC1C(CC(=O)O)C(OC)C2,0
520,CC(C)(C)OC[C@@H]1SC[C@@H]([C@H](O)[C@H]2CCC[N+]2(C)C)[C@H]1O,0
521,CCS(=O)(=O)N1CCN2CCC[C@H]2C1,0
522,C=CC#CCN(C)CCC,0
523,COC(=O)C1CC(N)C=C1c1ccccc1Cl,0
524,CC(C)(CO)NC[C@@H]1COC[C@H](CF)O1,0
525,C[C@@H](CN(C)C)C1(C)O[C@H](CO)C(C)(C)O1,0
526,CCC1NC[C@H](C)OC1=O,0
527,CCN1CC(c2ncno2)=CCC1C,0
528,Cc1cc2c(c(N(C)[C@H]3CCCc4cccnc43)c1)CN(C)[C@@H](C)CN2C,0
529,C[C@@H](c1cccc(-c2cccnc2)c1)N1Cc2ccc3nncn3c2C1=O,0
530,C[N+]1(C)CC[C@H](OCCO)[C@H]1C#N,0
531,Cc1ncsc1[C@@H](CN(C)C)c1c(C)sc2ccccc12,0
532,C=CCOCc1c(O)ccc2c1C[N+](C)(C)CC2,0
533,OCc1noc2c1CCN(Cc1ccccc1)C2,0
534,C[C@H]1[C@@H](O)C[C@H]1O[C@H](O)C1CCC[N+]1(C)C,0
535,Cc1cc([C@H]2C[C@@H](C)C[N+]2(C)C)oc1C,0
536,COc1cc2c(cc1OC)C1c3c4ccc(c3CN1CC2)N(C)C(C)=C4CO,0
537,CCCN1C[C@H](CC)OC(=O)N1,0
538,CC#CCN(CC)CC#CCN,0
539,Cc1ncsc1CCN(C)C(=O)c1sc2ccccc2c1Cl,0
540,Cc1cc(C(N)=O)nc(-c2cc([C@H]3CC[C@H](N4C(=O)OC(C)C4(C)C)CC3)cnc2N)n1,0
541,CO[C@@H](CO[C@@H]1COC1(C)C)C[N+](C)(C)C,0
542,CC(CN)SCC1COCCCO1,0
543,CCN(C)CCc1ccc(O)cc1,0
544,C[C@H](CO)NC[C@@H]1OC[C@H](CO)O1,0
545,CN(C)/C=C/CCCN,0
546,CC1(C)Cc2ccc(O)cc2C[N+]1(C)CCCO,0
547,CC(C)[C@H](O)[C@H]1CCC[N+]2(C)CC[C@H]12,0
548,CO[C@@H]1C[N+](C)(C)CO[C@@H]1C,0
549,CN1C2CCC1C(C(=O)OCCCO)C2,0
550,C/C(O)=C1\CN2CC(CCC2(C)CN(C)C)C1=O,0
551,CCN(CC)CC1CC2CC(=O)CC1N2,0
552,C[C@H]1C[C@H](CO)[C@@H](CO)O1,0
553,C[C@H](C[C@H]1OC1(C)C)CN(C)C,0
554,C[C@@H]1O[C@H](CO)C(O)C1(C)C,0
555,CC(=O)OC1CC2CCC(C1)C2N,0
556,CC#CCCN(C)CCN,0
557,C[C@@H](C1=Cc2ccccc2C1)c1cnccn1,0
558,C[N+](C)([O-])CC#Cc1ccccc1,0
559,CO[C@H](Cc1cccc(O)n1)CN(C)C,0
560,C#C[C@H](COC)NCc1ccccc1,0
561,C=CC[N+](C)(C)CC#CCN1NCC1=O,0
562,CC(C)(C)c1ccc2c(c1)-c1ccc(S(=O)(=O)NCCC(=O)O)cc1S(=O)(=O)c1ccc(N)cc1-2,0
563,C[C@H]1OC[C@](C)(CC#N)CO[C@@H]1S,0
564,C[C@H]1COC[C@@](C)(CNC(C)(C)C)O1,0
565,C[C@@H]1OC(CO)(C[N+](C)(C)C)[C@@H]1C,0
566,C[C@@H](N)CSC[C@@H]1OC(=O)[C@@H](N)C1(C)C,0
567,CCC(C)(C)OC(=O)OC1CCCC12CCCC2N,0
568,NC(=O)C1CC(CNCc2cccnc2)C1,0
569,CO[C@@H]1CC(C)(C)CO[C@@H]1O,0
570,COc1cc2c(cc1OC)C1c3c(ccc4[nH]cc(C(=O)NCCN(C)C)c34)OC21,0
571,CC(C)NC[C@H]1COC(C)(C)[C@@H]1C,0
572,C/C=C/[C@@H]1COC[C@@H](CN)O1,0
573,CN(C)Cc1ccccc1O,0
574,O=C(OC1CC2CNC(C2)C1)C(F)(F)F,0
575,Cc1ccc([C@@H](O)C[N+](C)(C)C)c(C)c1,0
576,CN(C)C[C@H]1C[N+](C)(C)C[C@@H]1O,0
577,CCOC1CC2CC(F)(F)CC1N2,0
578,COC[C@H](O)Cc1cccc(C#N)n1,0
579,CCCCN(C)CC,0
580,C[C@@H]1C[C@H](CO)OC(C)(C)C(C)(C)O1,0
581,CC(C)(C)N1C[C@@H](CO)[C@@H](OCCO)C1,0
582,CCNC(=O)C1=C(Cc2ccncc2)c2ccccc2C1N,0
583,COc1cc2c(cc1OC)C(CN(C)C)CCC2,0
584,CC#CCCNC,0
585,Cc1cc(-c2ccc3ncccc3c2)cc(CN2Cc3ccc4nnc(C)n4c3C2)c1F,0
586,CN(C)C1CC2CC(OC(=O)c3ccc(F)cc3)CC2N1,0
587,CCCOC1CC2CC(F)CC1N2C,0
588,CC1C2CCCC1N2C,0
589,NCC1C(=O)CC1CC(=O)O,0
590,NC1=C(c2ccccc2)C(C(=O)OCCCO)C1,0
591,C/C=C/C[N+]1(C)CC#CCN(C)C1,0
592,C#CCCOC[C@@H]1O[C@H](CO)[C@@H](C[C@@H]2CCC[N+]2(C)C)O1,0
593,CNC(=O)CN1CCC(NC(=O)CN[C@@H]2CCCN[C@H](CCCNC(=N)N)C(=O)N[C@H](CCCNC(=N)N)C(=O)N2)C1,0
594,CC(Cc1sc2ccccc2c1-c1ccsc1C(N)=O)N(C)C,0
595,COCCO[C@@H]1CN(C)C(C)(C)[C@@H]1O,0
596,CO[C@H]1[C@H](O[C@@H](C)C2CCC[N+]2(C)C)CCCC1(C)C,0
597,CO[C@H]1COC[C@@H](O)[C@@H]1C,0
598,O=C(CCl)NCCCCCOC(=O)CC1CC2CCC(C1)N2,0
599,CCN1C2CCC1C(C)C(OC)C2,0
600,N=C(N)C1CCC(c2ccco2)C1,0
601,CN1CCc2ccc(F)cc21,0
602,NCCC#Cc1nc(C2CCC2)no1,0
603,COC(=O)N1CCC(NC(=O)CN[C@@H](CCCNC(=N)N)C(=O)N[C@@H](C)C(=O)N=C(N)N)C(=O)N2CCN1CC(=O)N2,0
604,C=C[C@H]1[C@@H](O)[C@H](O)[C@@H]2CCC[N+]12C,0
605,CO[C@@H](CN)C1COCCO1,0
606,CN1CCN(c2ccccc2)CC1(c1ccccc1)c1ccccc1,0
607,CO[C@H](C#N)COCc1ccccn1,0
608,C[C@@H]1OC[C@H](O)CC1(C)C,0
609,CCN(C)CC1CCC2CC(C)C(=O)C(C(=O)O)CN2C1,0
610,CC(C)(C)OC(=O)N[C@H]1CCC[C@]1(C)[C@H](O)SCCC#N,0
611,Cc1cc2ccccc2n1CC(=O)N1CCCC1,0
612,CC1C(=O)CC(N)C1C,0
613,CC1(C)CO[C@H](C[N+](C)(C)C)O1,0
614,CN(C)CCSCCN,0
615,CN(C)CCOCCOc1ccc(Br)nc1,0
616,COC1(C)C[N+]Cc2ccccc2C1,0
617,C[C@H](c1ccc(-c2cnn(C)c2)cc1)N1Cc2ccc3nc(C(F)(F)F)n(C)c3c2C1=O,0
618,CC(C)(CO)NC1OC(=O)[C@@H](N)C1(C)C,0
619,CCNCC#CCN1CNCCC1=O,0
620,CO[C@@H](CN(C)C)[C@H]1CCOC1,0
621,C[C@H]1CCC[N+]1(C)[C@@H]1C(O)[C@H]1O,0
622,CN1CC2C/C(=N/C(=O)O)C1C2,0
623,CN1CNC(=O)OC(CCF)C1,0
624,CC(c1ccc(-c2cnn(C)c2)cc1F)N1Cc2ccc3nc(OC(F)F)cc-3n2C1=O,0
625,C[C@H]1[C@H](N)C(=O)O[C@@H]1C#C[C@H](C)N,0
626,CO[C@@H](CO)C[N+](C)(C)C,0
627,CC1NCCc2[nH]cc(C3CCNC3)c21,0
628,CC(=O)N1CC#CCN(C)CC1,0
629,COc1cc(C)c(C#N)cc1O,0
630,CC1(C)C(C#N)O[C@]1(C)CO,0
631,CC(=O)OC1(OC(=O)C(C)C)CC2CCC1N2,0
632,C=CCOc1cccc(CO)c1,0
633,C[C@H]1C2C/C(=N/O)C1C2(C)C,0
634,COC[C@H](CO)N(C)C,0
635,C[C@H](CO)[C@]1(C)COCC(C)(C)[C@@H]1O,0
636,CCCC(=O)N(C1CCCCC1)[C@H]1CCCN2CCCN1CCN2CC,0
637,CC[N+](C)(C)CC#CCN1CC#CC1C,0
638,C#CN(CC)CC(C)(C)N=O,0
639,CO[C@H]1CC[N+]2(C)CCC[C@@H]1[C@@H](CO)C2,0
640,CC1=C2C(=O)C([C@H](C)N3Cc4ccc(-c5ccc6ncccc6c5)cc4C3)=CC=C2N=N1,0
641,CN(C(=O)N1CCCCC1)C1CCCc2ccc(O)cc21,0
642,CCN1C[C@H](C)Cc2cccnc21,0
643,CC[C@@H]1O[C@H](C)[C@@H](CO)O1,0
644,CO[C@H]1CCN(C)C1,0
645,CCC(=O)OCC1CN2CCC1C2,0
646,COC[C@@H]1Cc2ccc(O)cc2C[C@@]1(C)CCN,0
647,C[n+]1cccc(C#CCO)c1,0
648,C#CN(C)CCNCC(C)=O,0
649,CI1[CH][C@H](COC(N)=O)CC1,0
650,CC1=CC(C)=Nc2c(sc3ccccc23)N1[C@@H](C)CN(C)C,0
651,CN(C)CC1CCC1CN1CCC(C(=O)O)C1=O,0
652,Cc1ccn(C(C)CN(C)C)c1[C@H](C)n1cccn1,0
653,O=C1CC(F)C(CO)(CO)C1,0
654,CN/C(CC#N)=N\C#N,0
655,CO[C@H](CCl)CO[C@H]1CCOC1,0
656,N#CN/C(=N\O)C1CN2CCC1C2,0
657,C[C@H](C#N)NC1(C)OC1=O,0
658,C[N+](C)([O-])C[C@H]1C[C@@H](CO)[C@@H](O)C1,0
659,CN(C)CC#Cc1cccc(O)c1,0
660,CC[N+](C)(C)[O-],0
661,c1nsc2c1=C1CCNCC=21,0
662,COC(=O)CCCN(C)C,0
663,C[C@@H]1CC(Cc2ccccc2)C(=C(CCCN)c2ccccc2)C(=O)O1,0
664,CC(=O)N(C)C[C@@H]1O[C@@H](C)[C@@H](C)O1,0
665,NC1C(=O)CC(O)C1(F)F,0
666,CN(C)CC#CCNCc1ccn(C)c1,0
667,O=C1c2ccc3nc([nH]c3c2)CN1Cc1ccc(-c2cn[nH]c2)cc1,0
668,CC1(O)C[C@H]([C@@H](O)C2C=C[C@H]2O)C1(C)C,0
669,CC(CCCCCNC(=O)OC(C)(C)C)c1cccnc1,0
670,CC1(C)O[C@@H](CN)C1(C)C,0
671,N=C1CN2CCC1C2/C=N\O,0
672,C[C@H](N)CSC1CC(=O)O[C@@H]1N,0
673,CO[C@H]1COC(C)(C)[C@@H]1O,0
674,O=C1C(F)=Cc2c1ccc1nncn21,0
675,Cc1ccc2c(n1)[C@@H]([C@H](C)N)Cc1cccc(c1N1CCN[C@@H](C)C1)CCCc1cccnc1-2,0
676,CCc1nc(CCN(C)C)c2c3c1C(=CC=CC=3)SC=2CCN(C)C,0
677,CO[C@@H](CN)CSC,0
678,CC(C)(C)OC[C@@H]1O[C@H](CO)[C@@H](C2CCC[N+]2(C)C)[C@H]1O,0
679,FCC12CN3CCC1CC3O2,0
680,COc1cc(CCOC(=O)C2=C(c3ccc(O)cc3)CCC(C)(C)C2)ccc1O,0
681,COc1ccc2c(c1)CN[C@@H](CN(CCCCN)[C@@H](C)c1ccc(C)cn1)C2,0
682,CC(=O)C1=C(c2cccc(C(F)(F)F)c2)CCN(CCc2ccc(F)cc2)C1,0
683,CCCC(=O)N(C(=O)N1CCN2CCC[C@H]2C1)[C@H]1CCCC[C@@H]1CC(=O)O,0
684,COc1ccc(CCOC(=O)C2=C(c3ccccc3F)CCCN2)cc1C,0
685,O=[N+]([O-])c1cccc(C#CCO/N=C2\CN3CCC2C3)c1,0
686,CCn1cc2c(N)c(C(=O)NCc3ccc(Cl)c(C(F)(F)F)c3)sc2n1,0
687,C=C(C)NC(=O)NC1CCN(C(CO)CN2CCCc3ccccc32)C1,0
688,C[C@@H]1Cc2c3cccc2N2CCN4CCN2CCC[C@@H]4Cc2ncccc2CCC[C@H](N)[C@H]1NC3,0
689,CN(C[C@@H]1Cc2c(Nc3ccccc3C#N)cccc2N[SH]1(C)=O)[C@H]1CCCc2cccnc21,0
690,c1ccc2c(c1)CCC[C@H]2N(CC1CCCCC1)C[C@H]1Cc2ccc(N3CCNCC3)cc2CN1,0
691,CC1CN(c2cccc3c2C[C@@H](CN(CC2CCCCC2)[C@@H]2CCCc4ccc(cn4)NC2)NC3)CC(=O)N1,0
692,NCCCC(C[C@H]1Cc2ccccc2CN1)NCc1ncccc1O,0
693,CCOc1ccc2c(c1OC)CN[C@@H](CN(CC)Cc1ccc(C)cn1)C2,0
694,CCN(CC)CCNC1=C/C(=C\c2cccnc2)c2c(F)cccc21,0
695,CCOC(=O)N1Cc2ccccc2C[C@@H]1CN(CC)Cc1cccc(C(F)(F)F)n1,0
696,C[C@H](CN1CCCCC1)N1CCCc2ccccc21,0
697,CCCCN1Cc2ccccc2C[C@@H]1CN(C)Cc1ncccc1C(N)=O,0
698,OC(COc1noc2c1CNCC2)c1cccc(Cl)c1,0
699,C#Cc1coc([C@@H]2CCCN2)c1,0
700,CNC1N[C@@H]2C[C@@H]1CN2c1cccc2c1C[C@H](N(C)C)[C@H](C1CCCc3cccnc31)C2,0
701,COc1ccc2c(c1)C(C(C)c1ccncc1)=C(C(=O)NCCCN(C)C)C2,0
702,CC(C)(C)c1ccc(NC(=O)CN2CCCc3ccccc32)c(S(N)(=O)=O)c1,0
703,CN1CCN(CC(=O)NC2CCCCC2)[C@@H](C(F)(F)F)C1,0
704,COc1ccc(C(O)(CCN(C)CCCC(O)(c2ccccc2)c2ccccc2)CC(O)(CO)c2ccccc2)cc1,0
705,CCN(CC)CCC/C=C1C(=C\c2cccnc2)/c2ccccc2/1,0
706,CCN(C)CC(=O)N(CC)Cc1cccc(N(C)C[C@H]2Cc3ccccc3CN2)n1,0
707,CCCC1c2ccccc2N(CC(=O)N2CCCC2)C1C,0
708,C=Cc1ncc2c(c1N)CCCN2C(=O)N1CCCC1,0
709,CCNCCC(=O)Nc1ccc2c(c1)C(C(=O)O)=C/C2=C\c1ccncc1,0
710,COc1cccc(F)c1[C@]12c3ccc(C(F)(F)F)cc3C(=O)N1CCN2c1ccc(F)c(F)c1,0
711,Cc1nccc2c1C[C@@H](C)CN2C(=O)N1CCCC1,0
712,CCCC1CC(C(=O)OC(CCC)c2ccc3c(c2)CCO3)=C(c2ccccc2)C1,0
713,CCN(CC)CCC1=C/C(=C\c2cnccc2C)c2ccccc21,0
714,Cc1cc([C@@H]2CCCN2C)oc1[C@H](O)CC(C)(C)O,0
715,CC(O)/C(C(=O)NO)=C1\CN2CC(CCC2CN)C1=O,0
716,CC(C)NC(=O)C(C)N1CCN(C2CCCCC2)[C@@H](C(C)C)C1,0
717,CN1C[C@H](CSCCC#N)OC1=O,0
718,C[C@H](CN)OC[C@@H]1COC[C@H](C)O1,0
719,CCN(CC)C[C@@H]1CCC2CN1CC(C(=O)OC)C(=O)C2C,0
720,CN(C)CCCN1/C(=C\c2cccnc2)c2ccccc21,0
721,COc1cc(F)cc(F)c1N1C[C@H](C)N2C(=O)c3ccccc3[C@@]12c1ccc(Cl)cc1,0
722,C=CCOCCOC(=O)/N=C1\CN2CCC1C2,0
723,CNCCCNC1=C(c2nc(C3CCC3)no2)C1,0
724,NCCCCOc1nsnc1C1=CCNC1,0
725,CN(C)CCC1=C/C(=C\c2cncc(C#N)c2)c2ccccc21,0
726,CN1C[C@H](C(C)(C)C)OC1=O,0
727,N[C@H]1C[C@@]1(F)c1ccco1,0
728,COC(=O)C1=C(c2ccccc2)CCN(C)C1C(=O)OCc1ccccc1,0
729,CC(C)CN(Cc1ccc(C(F)(F)F)cn1)C[C@H]1Cc2ccc(cc2S(N)(=O)=O)CN1,0
730,Cc1ccc2c(n1)[C@@H](N(C)C[C@H]1Cc3c(N(C)C[C@H]4CN[C@@H](C)C4)cccc3N(C)C1)CCC2,0
731,COC(=O)CCC1C2CC(OC(=O)c3ccc(O)cc3)CC1N2C,0
732,COc1cc([C@@H]2CCCN2C)co1,0
733,NC(COCc1cccnc1)C1(F)CCNC1,0
734,Cc1ccc2c(c1)N(CC(=O)N1CC[C@@H](C(N)=O)C1)CC2=O,0
735,CC(C)(C)NC[C@@H]1COCCC1(C)C,0
736,COCCc1coc([C@@H]2CCCN2C)c1C,0
737,CN1C2CCC1CC(OCCO)C2,0
738,CC[N+](C)([O-])CC1COCCCO1,0
739,COC(=O)SC1CC2CC(OC(=O)c3ccccc3OC)CC1N2C,0
740,CC1CC(C(=O)OCCc2ccc(OC(F)(F)F)cc2)=C(c2cccc(Cl)c2)C1,0
741,CC(C)NC[C@@H]1COC[C@@H](C)C1(C)C,0
742,Cc1nnc2ccc3c(c2n1)C(=O)N(Cc1cccc(-c2cccnc2)c1)C3,0
743,C[C@@]1(CO[C@H](O)C2CCC[N+]2(C)C)CCC[C@H]1[O-],0
744,N#C[C@@H]1CCCN1C(=O)CN1C(=O)Cc2c(Cl)cccc21,0
745,CCCC(=O)OC1CCC2(OC)CC(C1)N2C,0
746,C[C@@H]1C[C@H](CN(C)CCCF)O[C@@H]1C,0
747,COc1cc(OC)nc(-c2cncc([C@H]3CC[C@H](N4C(=O)OC4C)[C@H]3c3ccccc3)c2)n1,0
748,CO[C@H]1C[N+](C)(C)CC[C@H]1O,0
749,C/C(=C\C[C@@H]1COCCO1)C(F)(F)F,0
750,CCC(C)(C(=O)NC1CCCCC1)N1CCN(CCO)CC1,0
751,CC[N+](C)(C)C[C@H]1OC(C)(C)[C@H](O)[C@@H]1C,0
752,CN(C)C(=O)c1cc(C2CCCN2)oc1C#N,0
753,Cc1csnc1-c1cncc([C@H]2CC[C@H](N3CC(C)(C)OC3=O)[C@@H]2c2ccccc2)c1,0
754,CCC/C=C/c1ccc(O)c(CCC)c1,0
755,NCC=C(C1=CCNC1)c1nc(C2CC2)no1,0
756,COc1cccc2c1CCN1Cc3c(C(=O)N(C)C)c[nH]c4ccc(c3-4)OC21,0
757,COc1ccccc1C1=CCN(CCc2ccc3c(c2)OCO3)C1,0
758,COc1ccc2c(c1)CCCN2CC(CO)CN1CCCC1,0
759,CCC[C@H]1NC(=O)O1,0
760,CCCC(C)(N1CCN(C2CCCCC2)CC1)C(C)(C)N,0
761,CC[N+](C)(C)CCc1ccccc1,0
762,CS(=O)(=O)N1CCN2CCC[C@H]2[C@H](NC(=O)NC2CCCCC2)C1,0
763,CCOC(=O)c1noc(C2=CC(C)CNC2)n1,0
764,C[C@@H](O)[C@H]1CCC[N+]1(C)CC1(C)CCC[C@@H]1O,0
765,CC(O)C(=O)N(C(=O)N1CCCCC1)C1CCN(C2CCCC2)C1,0
766,C#C[C@H](O)C[C@H](NC1CCCCC1)C(=O)N1CCN(C2CCCC2)CC1,0
767,O=C(NC1CCN2CCC[C@@H]2C1)OCC1CCCCC1,0
768,NCC1(COCc2ccc(Cl)nc2)CCC1,0
769,CN(C)C[C@H]1COC[C@](C)(CO)CO1,0
770,CCOC(=O)N1CCN(CCC(=O)NCCC(C)C)CC1,0
771,C[C@@H]1NCc2cccc3c2C[C@H](C)c2nc(CO)ccc2CCC[C@H]1N3CCN1CCN2CCC[C@@H]2C1,0
772,COC(=O)N(C1CCCCC1)C1C[C@H]2CCCN2CCN(CCO)C1,0
773,CC(C)(CN[C@H]1Cc2ccccc2CN1)[C@H]1CCCc2cccnc21,0
774,CCC1Cc2cc(F)ccc2N1CCC(=O)N1CCC(C)C1,0
775,COc1cc2c(cc1OC)CC(CC[N+](C)(C)C)CC2,0
776,O=C1CC2CC(OCCO)C(C1)N2O,0
777,O=C(NCC(O)C(F)(F)F)N(CC1CCCCC1)C(=O)N1CCN2CCC[C@@H]2C1,0
778,CC1=C(c2nsnc2Cl)CN(C(=O)CCl)CC1,0
779,CC/C=C/CCN(C)CCC#N,0
780,C=CCN(C)CCC/C=C/C,0
781,C[C@H]1CO[C@H](CN(C)C)C(C)(C)O1,0
782,COC(=O)C1CC(NCCCO)=C(c2ccc(Cl)cc2)C1,0
783,Cc1ccc2c(c1)C[C@@H](CNCc1ncccc1C)NC2,0
784,Cc1cc([C@H]2CCC[N+]2(C)C)oc1CCCCC#N,0
785,CC1CC2CC(OC(=O)CC(=O)O)C1N2C,0
786,CCCC(NC(=O)CN1CCN(CC#N)CC1)C(C)C,0
787,CCNC(CC)C1CCC2CN1CC(C(=O)OC)C2=O,0
788,NCCNCC=CC1=C/C(=C\c2ccccn2)c2ccccc21,0
789,C[N+](C)(C)CCOC(=O)c1ccccc1I,0
790,CCCN(CC(=O)NC(C)C)C(=O)CN1CCN(C(=O)CC(C)C)CC1,0
791,CO[C@@H]1OC[C@@H](O)[C@@H]1CN,0
792,N#CCCC(=O)NC1=C(c2nc(C3CC3)no2)C1,0
793,F[C@@H]1CCN[C@H]1c1ccoc1,0
794,C[C@H](C[N+](C)(C)C)[C@@H]1OCC(C)(C)CO[C@H]1C,0
795,Brc1nc(C2=CCCNC2)no1,0
796,CN1C2CCC(O)C1CC2,0
797,CC(N)C1CCc2ccccc2C1,0
798,COC(=O)C1=CC=C(C23c4ccccc4C(=O)N2CCN3C(C)=O)C=C(OC)C=C1,0
799,C[C@H]1CC[C@H](c2ccoc2)N1,0
800,CC(C)N(CCC#N)C[C@@H]1COC[C@H](C)C1(C)C,0
801,CN(C)C(=O)OC1C2CCCC([C@@H]1O)N2C,0
802,CC[C@H](C)[C@H]1COC[C@@H](O)O1,0
803,C=CC(O)COc1cc2c(cc1OC)C[N+](C)(C)CC2,0
804,C[C@H]1N[C@H](c2cccc(N3CCN4CCC[C@@H]4C3)c2)C[C@@H]1N,0
805,CC1(C)O[C@@H]1C[N+](C)(C)C,0
806,COC1([C@@H](O)C2CCC[N+]2(C)C)CC#CCC1,0
807,CCN1CCc2ccc(Br)cc21,0
808,CCNC(=O)NCc1cccc(C2=C(C(=O)OCCc3ccccc3)CCC(C)(C)C2)c1,0
809,Cc1nnc2ccc([C@H](C)O)nc2c1CN1Cc2ccc(-c3ccc4ncccc4c3)cc2C1,0
810,Cc1ccc(S(=O)(=O)N2CCC(N3CC=C(C(N)=O)CC3c3ccccc3)CC2)cc1,0
811,O=[N+]([O-])c1ccc2c(c1)N(CCN1CCCC1)CCC2,0
812,CC(C)(C)CC1O[C@H](CO)[C@@H](CO)O1,0
813,C[C@@H]1N[C@H](CN2CCN(C3CC3)CC2)Cc2cccc(N3C[C@@H](C)[C@@H](N)C3)c21,0
814,NCC(=C(C(=O)OCc1ccc2c(c1)CCO2)C1CCNC1)c1cccc(F)c1,0
815,COc1sc2ccccc2c1C(CCN(C)C)c1nccs1,0
816,N=C(N1CCCCC1)N1CCCc2c1ccnc2N(C=O)CO,0
817,Cc1cc(-c2ncccn2)cc([C@H]2CC[C@H](N3CC(C)(C)OC3=O)CC2)c1,0
818,N=C(N)CCNC(=C1CC1)c1nc(C2CC2)no1,0
819,COC1CC2CCC1N2,0
820,CN(C)C(=O)OC1CC2CC(C#N)CC(C1)N2C,0
821,C=CC[N+]1(C)CCc2ccc(OC)cc2C1,0
822,COC(=O)C1CC(N)=C(c2ccc(Cl)c(Cl)c2)C1C(=O)OC,0
823,CC(C)NC(=O)[C@H]1CNC(=O)O1,0
824,Cn1ccc2c1=C1CN3CCc4cc(O)ccc4C3OC=21,0
825,CCCC(=O)N(OC(C)C)C(=O)CN1CCN(C(=O)OC(C)C)CC1,0
826,C[C@@H](O)c1occ(C2CCCN2)c1Cl,0
827,NCCOc1nsnc1C1=C(N)CC(F)(F)C1,0
828,Cn1ccc2c3c(ccc21)CN1CCc2ccccc2C1O3,0
829,C/C(O)=C1\CN2CC(C[C@@H](C)C2CN)C1=O,0
830,CNC(=O)CN1CCN(CCN(C)C)CC1,0
831,CN(CC(=O)NC1CCCCC1)CC1CCN(CCCCC#N)CC1,0
832,CCOc1cc(Cl)cc(CNC[C@H]2Cc3ccccc3CN2)n1,0
833,COC[C@@H]1COC[C@@H](CO)O1,0
834,C[C@@H]1CC2C(OC(=O)CF)CC1N2C,0
835,CC1=C(c2nsnc2SCCCCO)CN(C)C1,0
836,C#C[C@@H]1OC[C@@H](CN)O1,0
837,CC1(C)CCC(NC(=O)CN2CCC(CCCN)CC2)CC1,0
838,C[C@H]1C[C@H](CN(C)C)COC1N,0
839,CNC(=O)CN1CCN2C(=O)N(C)C(=O)[C@H](CCCNC(=N)N)NC(=O)[C@@H](CCCNC(=N)N)NC(=O)CN(C)[C@H]12,0
840,C[C@H](C#N)C[C@H]1OC[C@@H](C)O1,0
841,O=C(OCCF)OC1CC2CC(Br)(Br)CC1N2,0
842,CN1Cc2ccccc2C[C@@H]2CN(CCCCN)[C@@H]2CCCc2cc(C#N)cnc21,0
843,CC(C)NCC1CCC2CN1C/C(=C\C(=O)O)C2=O,0
844,CC(C)(C)NC[C@@H]1OCC(C)(C)[C@@H]1O,0
845,Cc1noc([C@H]2CCC[N+]2(C)C)c1C,0
846,Cc1nnc2ccc3c(F)c(c-2c1=O)N(Cc1ccc(-n2cccn2)cc1F)C3,0
847,CC(C)CN1C[C@H](C)OC(=O)[C@@H]1C,0
848,COCCc1sc2ccccc2c1-c1ccsc1C,0
849,CC1(C)CCC[C@@H]1c1ccoc1,0
850,CCOC1=C(c2nsnc2C(F)(F)F)CN(C)CC1,0
851,Cc1coc([C@@H]2C[C@@H](O)CN2C)c1,0
852,CN1CCC[C@@H]1[C@H](O)[C@H]1CCCS1,0
853,CC(C)(C)NC(=O)CCN1CCNCC1,0
854,O=C(CCCCl)Nc1noc2c1CNCC2,0
855,CC1(C)OC[C@H](C[N+](C)(C)C)O1,0
856,COC(=O)OC1CC2C(OC)C(=O)CC1N2C,0
857,CC[N+](C)(CC)CC1CO[C@H](CO)O1,0
858,CN1CC(c2ncno2)=CC(C)(C)C1,0
859,CN(CC#N)CC/N=C/C#N,0
860,CN(C[C@H]1Cc2cccc(NCC(=O)O)c2C1)[C@@H]1Cc2cccc(N3CCNCC3)c2C1,0
861,CC(C)N1CCN(c2cccc3c2C[C@@H]2CN[C@H](CN(C)[C@@H]4CCCc5cnc(C#N)cc54)CC32)CC1,0
862,CN[C@H]1C/C(=C\NCC#N)C=C1c1nc(C2CCCC2)no1,0
863,CN1C2CCC1CC(CC(N)=O)C2,0
864,CC(C)NC[C@@H]1COCCS1,0
865,CN1CCc2c(O)cccc2C1,0
866,CC(CO)[C@H]1COCC(C)(C)O1,0
867,CCN1C(=O)CN2C(=O)CN(CC(=O)N[C@@H](C)C(=O)N[C@@H](CCCNC(=N)N)C(=O)NC(=O)NC)c3ccccc3N2C1=O,0
868,COc1ccc(C[N+](C)(C)C)cc1C#N,0
869,CN1C2CC(=O)CC1CC(C)(O)C2,0
870,COc1ccc(N2Cc3ccc(-c4cnc5ccccc5c4)cc3C2)c2ccc3nnc(C)n3c12,0
871,CN1C[C@H](CN(C)[C@H]2Cc3c(cccc3NS(C)(=O)=O)CN2)Cc2c(NS(C)(=O)=O)cccc21,0
872,C=CCN1C2CCC1CC(O)C2,0
873,C[C@@H]1CN(C)CN(C)C(=O)O1,0
874,C/C(=C\c1ccco1)C1CCCC1c1ccco1,0
875,CC(C)N(C)CC1CCC2CC(C1)C(=O)C(C(=O)O)CN2C,0
876,CC[C@H](C)[C@H]1OC[C@H](C)O1,0
877,CCN(C)CC1CCC2CN1CC(C)C2C(=O)O,0
878,N#Cc1cncc2c1N(CF)CCCN2C(=O)N1CCCC1,0
879,CCc1ccc(C(F)(F)F)c(CNC[C@H]2Cc3ccccc3CN2C)n1,0
880,NCC(=C1CCC1)c1nc(C2CCC2)no1,0
881,CO[C@@H]1OCC(C)(C)[C@H]1C,0
882,NC1C(O)CC(=O)C1CCO,0
883,C=CCOC(=O)C1CC(N)=C(c2ccc(Cl)c(Cl)c2)C1,0
884,C[C@@H]1S[C@H](O)[C@H]2CCC[N+]2(C)C[C@@H]1O,0
885,CN(C)C[C@@H]1COC(C)(C)C(C)(C)O1,0
886,CCN(CC)C(=O)NCCCCCC(=O)C(C)(C)NC(C#N)CN1CCCC1,0
887,CCCC(=O)OC1CC2CCCC1CCC2N,0
888,C#CC[C@@H](CNC(=O)c1nc(C2CCCC2)no1)NC,0
889,C[C@@H]1[C@@H]([C@H](O)CNC(C)(C)C)OC1(C)C,0
890,CC1OC2(CCN3CCC2CC3)O1,0
891,CN[C@@H](CC#Cc1nc(C2CCCC2)no1)C1=CCN(C)C1,0
892,COc1cc2c3c(c1)OC(O3)N(Cc1c(OC)ccc3[nH]ccc13)CC2,0
893,O=C(c1ccco1)[C@@H]1CCCN1,0
894,CC1(C)NCc2ccccc2C[C@H](CN(CCCCN)C(C)(C)C)N1,0
895,C[C@H]1O[C@@H](CN)CN1C,0
896,CC(C)CNCc1ccc2c(c1)-c1ccc(S(=O)(=O)N(C)C)cc1S(=O)(=O)c1ccc(C(N)=O)cc1-2,0
897,COC[C@H](CO)[N+](C)(C)C,0
898,C[C@@H](CO[C@@H]1CCC(C)(C)OC1)C[N+](C)(C)C,0
899,CCCCN(CC(=O)N(C)C1CCCCC1)CC(C)C,0
900,O=C(OC1CC2CC(O)C(C1)N2)c1ccccc1Cl,0
901,COC1(OC(=O)C(C)C)CC2CC(=O)CC1N2C,0
902,C=CCCN(C)CC,0
903,CC1C2CCC(C[C@@H]1N(C)C)N2C,0
904,COc1oc([C@@H]2CCCN2C(=O)CO)cc1C#N,0
905,C[C@H](CN(C)C)C1(C)OC[C@H](C)OC1(C)C,0
906,CN(C)C(=O)OC1CC2CC(C)(C)CC1N2,0
907,C[C@H](CO)[C@H]1COC[C@H]1O,0
908,C[C@@H]1CC[N+](C)(C)[C@@H]1c1ccoc1,0
909,CN(C)CC(O)C1(C)OC[C@H](O)C1(C)C,0
910,CC(C)O[C@H]1CCC[N+]2(C)[C@H]1[C@@H](O)CCC[N+]2(C)C,0
911,CC(C)(C)CCCCCNC(=O)CCCCCC(=O)N1CCCC1,0
912,CCCCCC#CC1CC2C[C@@H](N)C12,0
913,C=C(C)CNCc1ccc(C2CCCS2)o1,0
914,CCC1C(C)CC2NC1CC2OC(=O)C(C)C,0
915,COc1ccc2c(c1N(C)C[C@H](C)N(C)[C@H]1CCCc3cccnc31)C2,0
916,CC1=C(c2nc(C)no2)CNCC1,0
917,C[C@@H]1OC[C@](C)(C#N)[C@H]1C,0
918,CN(C)C1CC2CC(OC(=O)OC(C)(C)C)CC1N2,0
919,CC#CCN(C)C(C)C,0
920,CCCNCC#CCNC,0
921,C/C=C(\C)[C@H]1COC[C@H](C)O1,0
922,CC#CCN(C)CC#CCN1CC#CCNC1=O,0
923,CC(C)NC(=O)CN1CCNC[C@H]1C,0
924,CCCC(=O)N(C1CCCCC1)[C@H]1C[C@H]2CCCN2CC(=O)N(CC(C)C)C1,0
925,C[C@@H]1O[C@@H](CO)C(C#N)(CF)O1,0
926,C[C@@H]1OC(N)[C@@H](C)C[C@@H]1CN,0
927,CC(C)(C)C(=O)C[C@H]1[C@H](CO)CCC[N+]2(C)CCC[C@H]12,0
928,COC1CC2[C@@H](OC)CCC1N2C,0
929,CN(C)CC1CCC2CC1CC(C(=O)N(C)C)C2=O,0
930,CCCCN(CC(=O)NC1(CC(C)C)CCCCC1)CC1CCNCC1,0
931,COc1ccc(OC)c(/C=C\C(=O)OC2CC3CC(OC(=O)OC(C)C)(C2)N3C)c1,0
932,CCCN(CCC)CC1CCC2CC(C1)NCC(C(=O)O)C2=O,0
933,CC(=O)c1ccc2c(c1)-c1ccc(S(N)(=O)=O)cc1S(=O)(=O)c1ccc(C(N)=O)cc1C2(C)C,0
934,CC[C@H]1O[C@@H](CN)C[C@@H]1C,0
935,CCCN(C)CC/C=C/CSC,0
936,CC(C)(C)OC(=O)N[C@H]1CCC[C@H]([C@H](O)[C@@H]2CCC[N+]2(C)C)S1,0
937,C[C@@H]1CCN[C@H]1c1ccc([C@](C)(O)CO)o1,0
938,CNCC(COCc1ccc(F)nc1)C1CCN(C)C1,0
939,Cc1cc(C)n(C(CCN(C)C)c2cc3ccccc3s2)n1,0
940,CC1(C)Cc2cc(CO)ccc2CC[N+]1(C)C,0
941,C#C[C@H](COC)Oc1cc(C(C)=O)ccc1O,0
942,CC#CN(CC)C/C=C/C,0
943,CCSCCN(C)CC(C)=O,0
944,C[C@H](CO)OC[C@H]1COCC1(C)C,0
945,FCC1C=C(c2ncno2)CNC1,0
946,C#CCN(C)CC(C)CN,0
947,N#Cc1nnc2ccc3c(c2n1)CN(Cc1ccc(-n2cc(CF)cn2)cc1F)C3,0
948,CO[C@H]1CCC[N+]2(C)C1CCC[C@@]2(C)O,0
949,CC(C)NC(=O)OC[C@@H]1CCCCN1,0
950,O=[N+]([O-])c1cccc(C(CCCN2CCN(CCOC(c3ccccc3)c3ccccc3)CC2)c2ccccc2)c1,0
951,CC1C(=O)CC2CC(O)C1N2,0
952,CC(C)C(=O)n1c2ccccc2c2ccccc21,0
953,CC1(C)OC[C@H](O)[C@H]1C[N+](C)(C)C,0
954,COc1cc2c(cc1OC)C1c3c(cc(COC(C)=O)c4c3CN(CC2)CC4)OC1c1ccccc1OC,0
955,Cc1oc(CCCBr)cc1[C@@H]1CCC[N+]1(C)C,0
956,CN1CCCC1C(=O)N1C(=O)Cc2ccccc21,0
957,C[C@@H](N=C(N)N)C1CN(C)C(=O)O1,0
958,c1ccc(C(NCCN2CCN(c3ccccc3)CC2)c2ccccc2)cc1,0
959,C[C@@H](N)CNC1(C)OC(=O)[C@@H](C)O1,0
960,CN[C@@H](C(=O)NC1CCCCC1)C1CCN(CCN(C)C)CC1,0
961,O=C(c1occc1[C@@H]1CCCN1)C(F)(F)F,0
962,O=C(CN1C(=O)CN1c1ccc(Cl)cc1)N1CCCCC1,0
963,Cc1cc2c(nc1C)[C@@H]1CN(C)C(CN(C)C)C[C@H]1Cc1c(cccc1N1CCNCC1)CN2,0
964,CC[C@@H]1O[C@H](CO)CC(C)=C[C@@H]1C,0
965,CN(C)C1CC2CCCC1N2CCCCO,0
966,CCCc1noc(C2=CC(CC)C=C2)n1,0
967,COC(=O)c1cc2c3c(cc(C(C)=O)c2[nH]1)OC1c2cc(O)c-3ccccc3c2CN1CC3,0
968,CC#C[C@@H]1OC[C@@H](C)O1,0
969,CN[C@@H](C)C(=O)NCCC[C@H](NC(=O)CNC(=N)N)[C@H](C)C(=O)NC1CCN2CC(=O)NN(C=N)C(=O)CN2C1=O,0
970,CCOC1(OC(=O)OC)CC2CC(Cl)CC1N2,0
971,CCOC1Cc2ccc(O)cc2CSC1(C)C,0
972,CC(C)OC(=O)C1C(c2ccccc2)=C(N)CC1C,0
973,O=C1CC(CO)C2CC(O)C12,0
974,CN(C)C(=O)C1=C(C(C)(C)c2ccncc2)c2ccccc2C1,0
975,CN1C(=O)CN(c2ccccc2Cl)N2CCCCC12,0
976,CC(C)(C)c1ccc(C[N+](C)(C)C)cc1,0
977,CCNCC#CCN1CC=CCN1,0
978,COCC(C)(C)Cc1ccc(C)[nH]1,0
979,c1ccc(CCN2CCN(c3ccccc3-c3ccccc3)CC2)cc1,0
980,CO[C@@H]1C2[C@@H](O)CCC[N+](C)(C)[C@@]2(C)CC[C@@H]1O,0
981,CCn1cc(C(O)CO)c2c1=C1CN3CCc4ccccc4C3Oc3ccccc3CC=21,0
982,O=C(O)CCCC(NCCC(F)(F)F)C1=C(c2nc(C3CCC3)no2)C1,0
983,CNC(=O)CN1CCN(C(=O)[C@H](C)NC(=O)[C@H](C)NC(=O)[C@@H](CCCNC(=N)N)NC(=O)[C@H]2NCC(=O)N(C)C2=O)C1,0
984,CC1CC2CC(OC(=O)OCCCC#N)NC2C1,0
985,C[C@@H]1C[C@@H](O)CO[C@H]1C,0
986,CC(C)(C)OC(=O)NC[C@@H]1[C@H](O)CC[N+]2(C)CCC[C@@H]12,0
987,CC(O)CCc1ccccc1O,0
988,N#CC[C@H]1CCCCN1C(=O)CN1c2ccccc2C1NC(=O)C(F)(F)F,0
989,CC(=O)OC[C@@H]1CN(C)C[C@@H]1O,0
990,Cc1ccc2c(c1)CN(C(=O)C(O)C1CCCCC1)C2,0
991,CCCC1Cc2c(OC)cccc2N1CCC(=O)N1CCCC1,0
992,CO[C@H]1CO[C@H](C#N)C[C@H]1C,0
993,CCCNCCN1CCN(CC)CC1,0
994,CC1(C)COCC(=O)N1CC#CC[N+](C)(C)C,0
995,C#CC(O)(COC)Cc1ccccc1,0
996,C[C@H](OCc1ccncc1)C1CCNC1,0
997,C[C@@H](O)[C@H]1COCC(C)(C)CO1,0
998,CCNC(=O)C1CC(NC)=C(c2ccc(F)cc2)C1,0
999,CN(C)CC(COCc1cnccc1F)C1CCNC1,0
1000,CN(C)C12CC(O)CC1N2C,0
1001,CC(=O)OC1CC2CC(C1)C(NC(=O)OC(C)(C)C)C2,0
1002,CCC1C2CCCC1C(OC(=O)CCC#N)C2,0
1003,COc1ccc2[nH]ccc2c1C1C2ON1CCc1ccccc12,0
1004,Cc1ccc(C(CO)C[N+](C)(C)C)cc1,0
1005,C[C@@H]1C=C(C#N)C[C@@H](CO)O[C@H]1C,0
1006,CCCCC1CCc2c(ccc(OC)c2O)C1,0
1007,COc1ccc(C#CC(C)(C)N)cc1OC,0
1008,C[C@@H](C1CCC[N+]1(C)C)[C@@H]1CCCO1,0
1009,O=C(CC(=O)OC1CC2CCC1N2Cl)NCCCCF,0
1010,CC(C)(COC(=O)C1=C(c2ccccc2)CCCN1)c1ccccc1,0
1011,C=CC(C)(C)COCC1CCOC1,0
1012,C=CC[C@@H]1OC[C@H](CNC)O1,0
1013,C[N+]1(C)CC#CCN(C(=O)C(F)(F)F)C1,0
1014,COC[C@@H](C)OC[C@@H](O)CN(C)C,0
1015,Cn1cc(-c2ccc(CN3Cc4c(cc(CF)c5ncn(C)c45)C3=O)c(F)c2Cl)cn1,0
1016,C=C[C@H]1CC[C@@H]([C@H]2COC[C@H](O)[C@H]2CO)O1,0
1017,CCOC(=O)c1cc2c([nH]1)CN1CCc3c(OC)cccc3C1CO2,0
1018,CC(C)(C)NCC1(C)OC[C@H](O)C1(C)C,0
1019,COc1cccc2c1CC(CCN(C)C)=C2Cc1cncnc1C,0
1020,COc1cc2c(cc1OC)CN(C)CC2,0
1021,CCO[C@H]1CC=C(C)CN1,0
1022,CC1(C)CC[C@@H]([C@H]2CO[C@@H](O)[C@H]2CO)O1,0
1023,CON(C)C#CCCN,0
1024,NC(=O)C1CC(N)=C1c1ccc(Cl)cc1,0
1025,NC1=C(c2nc(C(CF)(C(F)(F)F)C(F)(F)F)no2)CC1,0
1026,CCN1C2CCC1CC(C(=O)N(C)C)C2,0
1027,CCCN1CCc2cccc(OC)c2C1,0
1028,C[N+](C)(C)CC#CCN1C(=O)N1CC#CCN,0
1029,CC1(C)CN(c2cccc3c2C[C@@H]2CN(CC4CCCCC4)[C@@H]3CCCc3ccc2cn3)CCN1,0
1030,C=CC1CCN(C(=O)N2CCc3cccc(Br)c32)CC1,0
1031,CC(C)[N+](C)(C)C[C@H]1OC(C)(C)[C@H](O)C1(C)C,0
1032,CN1C2CC=CC1C(OC(=O)NCCCCCC#N)C2,0
1033,CNCc1ccc(Cl)o1,0
1034,C[C@H](C#N)[C@H]1COC(C)(C)[C@@H]1O,0
1035,CCN(CC)C[C@@H]1CCC2CN(C)CC(C(=O)O)C(=O)N21,0
1036,C[C@H](CN(C)C(=O)NC1CCCCC1)NCC(=O)NC1CCCCC1,0
1037,C[C@H]1[C@@H]([C@H](CO)[C@H]2CCC[N+]2(C)C)O[C@@H]1C,0
1038,COc1ccc2sc(CCN(C)C)c(C)c2c1/C=C/c1ccncc1,0
1039,CC(C)(C)CN(CC#N)CCCCCC(=O)C(C)(C)N1CCCC1,0
1040,COC[C@@H](Cc1c[nH]c(O)c1)CN(C)C,0
1041,CN(C(=O)OC(C#N)N1CCN(C2CCCC2)CC1)C1CCCCC1,0
1042,COC12CCC(CC(OC(=O)NCC#N)C1)C2,0
1043,CC(C)N1Cc2cccc(N3CCNCC3)c2C[C@@H]2CN[C@H]3CN[C@H]3Cc3c(ncc(C#N)c3C#N)C[C@H](CN2)C1,0
1044,COc1ccc2c(c1)C(CCN(C)C)CC2,0
1045,C[C@H]1CC[N+](C)([C@@H]2CO[C@H](CO)[C@H]2CO)C1,0
1046,C=C1[C@@H](O)[C@H](OC)[C@H]2CCC[N+]12C,0
1047,CC(C)(C)C(=O)N[C@H]1CCC[C@H]1[C@H](O)SCCCN,0
1048,C=CCNCC#CCN,0
1049,CS(=O)(=O)N1CCc2oncc2C1,0
1050,CN(CC(CN)COCc1cccnc1)CC(F)(F)F,0
1051,CCC1OC2c3cc(OC)c(OC)cc3CCN2Cc2ccc3c(c21)CN(C)CC3,0
1052,CCN1Cc2c(cccc2N(C)C[C@@H]2CC[C@@H](C)c3ncccc3C2)C[C@H](N(C)C)C1,0
1053,C/C=C\CCN1CC#CCCNCC1,0
1054,CCC(C1COCCO1)[N+](C)(C)C,0
1055,CC(=O)NCC1C(=O)CC1CC(=O)NO,0
1056,CC/C=C/CN(C)C/C=C/N,0
1057,C#CCNCC#CCC,0
1058,CCC(CC)[N+](C)(C)C[C@@H]1OCC(C)(C)[C@H]1O,0
1059,C[C@@H]([C@H](N)Cc1c2cccc1[C@H]1N[C@@H](C)C21)[C@H]1CCCc2cccnc21,0
1060,CCC1CCc2c(O)cccc2C1N,0
1061,COC(=O)NCC#CCN,0
1062,O=C(OCC1CC2CCC(C1)N2)C(F)(F)F,0
1063,C#CCNCCOC(=O)c1cccc([N+](=O)[O-])c1,0
1064,CNC(=O)c1ccc(C2CC2)o1,0
1065,CC(C)(C)[N+](C)(C)C[C@H]1OC(=O)[C@@H](N)[C@@H]1O,0
1066,CN(C)CCCNCc1ccco1,0
1067,CC1(N)CCc2ccccc2C1,0
1068,O=C1CC2NCC(OC(=O)CCl)C2C1,0
1069,CN1C2CC(O)CC1[C@@H](CC#N)C2,0
1070,CS[C@@H](CO)C[C@H]1COC[C@@H]1O,0
1071,Oc1cccc2c1C[N+]CC(CF)(CF)C2,0
1072,CCN(C)C[C@H]1CCOC1,0
1073,CC(C)(C)O[C@H]1CCC[N+]2(C)C[C@@H](CO)O[C@@H]1C2,0
1074,CCNS(=O)(=O)c1snc2c1CCNC2,0
1075,O=C(OC1CC2CC(OC(=O)c3ccccc3)C2C1)c1ccc(C(=O)C(F)(F)F)cc1,0
1076,OCCN1CCC(O)(c2cccc(F)c2)CCC1(c1ccccc1)c1ccccc1,0
1077,COc1noc2c1CN(C)CC2(C)C,0
1078,COc1cccc(C#CCO)c1,0
1079,NCCCCNC(=O)N(CCCCN)Cc1ncccc1CN1Cc2ccccc2C1,0
1080,C[C@H](C#N)CO[C@@H]1COCC1(C)C,0
1081,CCCNCC#CCN1CCN(c2ccccc2)C1,0
1082,CCc1cc2c(cc1OC)C1c3ccc4c(c3CN1CC2)O4,0
1083,C=CCN1CCc2cccc(O)c2C1,0
1084,COC[C@@H](C)[C@H](C)O,0
1085,CN(C)C(=O)O[C@H]1[C@@H]2CCC[N+]2(C)C1(C)C,0
1086,NC1C(=O)CC(O)C1F,0
1087,C#C[C@H](COC)Cc1ccc(O)[nH]1,0
1088,N#CCC[C@@H](N)C(=C1CC1)c1nc(C2CC2)no1,0
1089,CN1CNCC(O)c2coc(CCCCCO)c2C1,0
1090,CNCC(=O)N(C(=O)CN(C(C)C)C1CCCCC1)C1CCCCC1,0
1091,CC1=CCC[C@@H]1[C@H](O)C1CN1O,0
1092,CCC12CCC1C(N(C)C)C(OC(=O)OC)C2,0
1093,C[C@@H]([C@@H]1OC(=O)O[C@H]1N)N(C)C,0
1094,C[C@@H](C#N)N(C)CI,0
1095,CC(C)C1=C([C@@H]2C[C@@H](O)S[C@@H](O)C2)CCC[N+]1(C)C,0
1096,CNC(=O)[C@H](CCCNC(=N)N)NC(=O)CN[C@@H](C)C(=O)Nc1ccccc1N1C(=O)CN2CCN(CCC(=O)OC)C=C21,0
1097,O=C(N1CCCCC1)N(CCO)c1cccc2c1CCC2,0
1098,CC1C2CCCC(N2C)C1(C)O,0
1099,CC1=CC=C2[C@H](CCN)N2O1,0
1100,CC1(C)OCC(F)(CF)CO1,0
1101,C[C@@]1(C(=O)OCCCO)CC=C[C@@H]1O,0
1102,CC(C)(C)NC[C@@H]1O[C@H](C#N)C(C)(C)O1,0
1103,C[C@H](CSC(=O)OCC(F)(F)F)C1CCCC1N,0
1104,CC(C)(C)c1cc(C[C@H](O)CO)[nH]c1SCCO,0
1105,CN,0
1106,COCC(=O)NC1CN2CCC1C2,0
1107,CC(=O)N1C/C=C/CCN(CC#N)CC1,0
1108,CNC(=O)NCC(=O)NC(=O)NCCC[C@H]1NC(CCN2CNC(=O)C2)[C@H](C(=O)NC(=N)N)NC(=N)NCC(=O)N[C@H]1C,0
1109,CCN(CC#N)CCC(C)N=O,0
1110,CNC(=O)c1cc2c(cc1OC)CN1CCC3=C4C=C(C)NC(=CC=C31)C2O4,0
1111,CN(C)Cc1ccc(C2(C#N)CC2)o1,0
1112,C[C@@H]1S[C@H](O)[C@H](O)[C@H]2CCC[N+]12CCCCF,0
1113,NC1C(=O)CC(CCO)C1(O)CF,0
1114,C[C@H]1CC2CCN1CC1(CCCO1)O2,0
1115,C[C@@H]1N[C@H](CN2c3cccc4c3C[C@H](N)[C@H]2CCCc2cccnc2-4)C[C@@H]2C[C@@H]1CN2,0
1116,C[C@H](C[N+](C)(C)C)N(C)C,0
1117,CC(C)(C)c1ccc2oc3cc(C(=O)O)ccc3c(c1)-c1ccccc1S(=O)(=O)c1ccc([N+](=O)[O-])cc1-2,0
1118,CCCN(CC)CCCCN,0
1119,CCCCNCC1(O)C(=N)C2CCN1C2,0
1120,CC1CC2=C(CN1)NC2=O,0
1121,CN(C)CCC1CC1CNCC(C)(C)OCc1cccnc1,0
1122,C[C@@H](C1CCC[N+]1(C)C)[C@@H]1OC(O)C[C@H]1CO,0
1123,C/C=C/CNCC#N,0
1124,N=C1CC2CC1CCN2,0
1125,CCC[C@H]1COC(=O)N[C@H]1CO,0
1126,Cc1ccccn1,0
1127,CC(C)(C)NCC(O)C1(C)OCC(C)(C)O1,0
1128,C[C@@H]1C[C@H](COC(N)=O)C(=N)O1,0
1129,CN1CCC(O)CC1,0
1130,N=C1CN2CC1C[C@@H]2O,0
1131,C[C@@H](N)[C@H]1OC(N)(CBr)OC1=O,0
1132,COC[C@@H](C)NC[C@@H]1[CH][C@H](O)COC1,0
1133,Cc1cc(C)c(CCCC(C)C)c(CO)n1,0
1134,COc1ccc2c(c1)SC(CCN(C)C)=C(C)N2n1cccn1,0
1135,COC[C@H]1CCC[N+]2(C)CCC[C@H]1[C@H](COC)O2,0
1136,C/C=C/CC#CCNC(C)C,0
1137,CN(C)C#CCC(C)(C)N,0
1138,CNC(Cc1cc2ccsc2c2ccccc12)C(C)C,0
1139,CC(C)=CCC[C@@]1(O)C(O)[N+]2(C)CCC[C@@H]12,0
1140,CN(C)CC#Cc1ccn(F)c1,0
1141,C/C=C/C(=N)CCN(C)C,0
1142,N=C1CC2=NCCC1C2,0
1143,CN(C)C12CCCC1[C@H](O)CC2O,0
1144,COc1ccc(CO)cc1C,0
1145,CC(C)(C)[C@H](C[N+](C)(C)C)[C@@H]1CCOC1,0
1146,CN1Cc2oc(CC#N)c(CN)c2C(C2CCNC2)C1,0
1147,CC1C#CCN(C(=O)CN)C1,0
1148,CC(=O)N1CCN2CC(=O)N[C@H](C)C(=O)N[C@@H](C)C(=O)NC(=O)N[C@@H](C)C(=O)N[C@H](C)C(=O)N(c3ccccc3N)C21,0
1149,C[C@@H]1OC[C@H](O)C(C)(C)[C@H]1C,0
1150,CO[C@@H](C#N)CCC1CO1,0
1151,CN(C)Cc1cc(Cl)cc(C#N)n1,0
1152,CC1=CN(n2cccn2)C(CCN(C)C)c2ccccc2S1,0
1153,CC(C)(C)CCN1CCCC1,0
1154,N#Cc1ccc2c(c1)C[C@H]1CN(CC3CCCCC3)[C@@H](CN3CCCc4cc(O)cnc43)CCN1C2,0
1155,COC(=O)N(C1CCCCC1)[C@@H]1CN(C(=O)OC(C)(C)C)CCN2CCC[C@@H]1C2,0
1156,C[C@H]1NC(=O)[C@H](CCCN=C(N)N)NC(=O)[C@H](CCCNC(=N)N)NC(CCN2CCN(CC(=O)NC(=N)N)N2)CC1=O,0
1157,CCNCC#CC(C)c1ccnc(N)c1,0
1158,C[C@@]1(O)C2CCN1C/C2=N/O,0
1159,CN1CCOC(=O)[C@@H]1CN,0
1160,C[C@H]1OC[C@H](O)[C@@H](CO)S1,0
1161,CC1=CCC[C@H]1COC(N)=O,0
1162,COCCNC(=O)c1snc2c1CCNC2,0
1163,C/C=C/C[C@H](C)NCC,0
1164,c1noc2c1CNCC2,0
1165,C#CCN1CCC2NCCc3c2c[nH]c3C1,0
1166,C/C(=C\[C@H]1CCC[N+]1(C)C)C1CCCC1,0
1167,CC1(C)NC(=O)CNCC(=O)NC(CCN(C=O)CC(=O)N2c3ccccc3NC(=O)[C@H]2CCCNC(=N)N)CC(=O)N1,0
1168,C[C@H](NCC#Cc1c[nH]c(=O)o1)C(C)(C)O,0
1169,C/C=C\c1oc([C@]2(OC)CCCN2)cc1CO,0
1170,CCN1CCc2[nH]c(O)c(C3CNC(CO)C3)c2C1,0
1171,CC#CCN(C)Cc1ccccn1,0
1172,COC1(O)CC2CCC(C1)N2,0
1173,COC[C@@H](CCl)C1(C)OC[C@H](C)O1,0
1174,Cc1cc(C(C)(C)O)cn1CC(C)CO,0
1175,N#Cc1ccccc1C1=CCCC(c2ccc3c(c2)CCO3)=C1,0
1176,CSCCC(NC1CCCCC1)NC1CCN2CCC[C@@H]2C1,0
1177,CC(C)CNCC#N,0
1178,CS/C(=N/C#N)N1CCC2CC1C2,0
1179,CN1Cc2onc(O)c2C(C(C)(C)C)C1,0
1180,CC(CN(C)C)N[C@H]1C(=O)O[C@H](C)[C@@H]1C,0
1181,COCC(C)(C)OC(=O)c1ccccc1,0
1182,C[C@H]1O[C@H](CN(C)C)C=C1C#N,0
1183,COCC1Cc2c([nH]c(OC)c2C)CN1,0
1184,CC(C)CC(=O)N(C)CC1CCC2CC(CCC1=O)N2C,0
1185,CC12CN3CCC3CCOC1(CO)CO2,0
1186,CC(CF)(CF)C[C@@H]1[CH][C@H](CO)OC1,0
1187,C#C[C@H](COC)O[C@@H]1CCNC1,0
1188,Clc1nc(C2CC2)no1,0
1189,Cc1ccc2scc(CCN(C)C)c2c1[C@@H](C)c1ccsc1,0
1190,NC[C@@H]1C[C@H](F)COC1=O,0
1191,CC(C)[C@H](N)CCNC(=O)N1Cc2ccccc2C[C@@H]2CN(C(=O)CN)[C@H]2CCCc2ccccc21,0
1192,CC1C(=O)CC(C)(C)C12CC(=O)C2O,0
1193,CC#CCN/C(CC)=N\O,0
1194,CC1(C)C2=NCC1CCN2,0
1195,C[C@@H]1OC(C)(C#N)[C@@H]1CN,0
1196,COC[C@@H](C)C(C)=O,0
1197,CC1CNCc2[nH]c3c(c21)CNC3,0
1198,NC1C2CC(=O)C1C2,0
1199,CC(=O)N(C)CC=C(C)C,0
1200,CC(=CCCF)NCC1CO1,0
1201,C[C@H]1OC[C@H](O)C/C1=C/C#N,0
1202,Cc1cnn(C(C)CN(C)C)c1[C@@H](C)N1C=C(CCN(C)C)Sc2ccccc21,0
1203,CCOC(=O)[C@H](O)CCC1Cc2ccccc2CC[N+]1(C)C,0
1204,CCN1CC(=N)C2CCN(C)C21,0
1205,CCCCOC(=O)OC1CC2CCCC21C,0
1206,C[C@H]1OC(=O)C1(C)N,0
1207,CC1(CCc2ccccc2)CCCCCN(CCCNS(C)(=O)=O)CC(=O)N1,0
1208,C[C@@H]1[C@@H]2CCC[C@](C)(C[C@H]1O)[C@@H]2O,0
1209,CI(C[C@H]1CCC[N+]1(C)C)C1CCCS1(C)C,0
1210,CCCCC(=O)NC1/C(=N/O)C2CCN1C2,0
1211,CNCC(O)c1ccc(OC)cc1,0
1212,CN(C)CCO[C@H]1CN(C)C[C@@H]1C#N,0
1213,C[C@H](O)CN(C)CC#CC1(C)COC1(C)C,0
1214,CC1(C)CCC[C@H]1[C@@H](O)C1C=CCC[N+]1(C)C,0
1215,CC/C(=C\C#N)CN(C)CC,0
1216,CN1CCN(c2cccc3c2C[C@H]2CN[C@@H]3CNc3ccc(C#N)nc32)CC1,0
1217,CCS[C@H]1C[C@@H](O)C(C)(C)C1,0
1218,C[C@H](CO)[C@@]1(C)CO[C@H](CO)[C@H]1C,0
1219,C[C@H]1OC(C)(CN)C1(C)C,0
1220,Cc1cnn([C@@H](C)c2c(C)ccn2C(C)C(N)=O)c1,0
1221,CC1(O)[C@H](O)CC[N+]1(C)C,0
1222,C[C@@H](O)[C@H]1OC[C@@H](C#N)CO1,0
1223,CC(C)(C)C(C)(C)[C@H]1COC[C@@H](O)CO1,0
1224,O[C@H]1Cc2coc(C(F)(F)F)c2CN1,0
1225,CC1=CN=C(C)C(CCCN(C)C)=C2c3ccc(F)cc3CC12,0
1226,CN1CCCc2cccc(O)c21,0
1227,NCCC=C1CC(CN)COc2nsnc21,0
1228,CCN1CC2C/C(=N/C#N)C1C2,0
1229,O=C(c1cc(C2CCCN2)oc1C(F)(F)F)N1CCC[C@H]1CO,0
1230,NCC(c1ccco1)C1CC1,0
1231,Clc1ccc2c(c1)CC1(CN3CCC1CC3)O2,0
1232,C[C@]1(O[C@H]2CCC[N+]2(C)C)CCC[C@H]1O,0
1233,CNC(=N)NC(=O)N[C@H](C(=O)NCCC[C@@H]1NC(=O)NC(CCN2CCN(CC(=O)NC)C2)N1)[C@@H](C)NC,0
1234,CC(C)/C=C/CN(C)CC#N,0
1235,CC1(C)CC2C(=N1)CN2CCO,0
1236,CN(CC1=CC(=O)O[C@@H](N)[C@@H]1N)C(C)(C)C,0
1237,CO[C@H](Cc1ccc(C#N)cc1)CN(C)C,0
1238,CNCC#CC(C)CN,0
1239,O=C1c2ccccc2C(c2ccccc2)N2CCN1CCN2c1cccc(F)c1,0
1240,Cc1nsc2c1SN=CC1=C2CCNC1,0
1241,O=C(CC1CNC(=O)C1)NCCO,0
1242,NC(=O)C1C2CCN1C/C2=N\O,0
1243,CCO[C@H](C)C(=O)C1COC(C)(C)CO1,0
1244,CC(C)N(CC#CCN)C[C@@H]1COC(C)(C)O1,0
1245,CO[C@H]1O[C@@H](CO)CC(C)=C1C,0
1246,CC(O)/C(C(=O)N(C)C)=C1\CN2CC(C[C@H](N)C2)C1=O,0
1247,CCC[C@@H]1CN(CC(=O)N[C@H]2CC[C@H](CN)CC2)C[C@@H]1C,0
1248,C=CCCC1(C)Cc2cccc(O)c2C1,0
1249,CCCCC(=O)N1Cc2ccccc2C[C@@H]2NC[C@H]1CN(CCC)[C@H]2Cc1cc2nc(O)ccc2nc1C,0
1250,CC(C)(C)O[C@H]1CCC[C@@]2(C)CS[C@@H]12,0
1251,C[C@H](CN(C)C)C(=Cc1cnccn1)c1cnccn1,0
1252,CO[C@H]1[C@H]2CCC[C@@]1(C)[C@@H](N)[N+](C)(C)CCCO2,0
1253,C=CCNC(=C)CCN,0
1254,CCNCC#CC(C)(C)N,0
1255,C[n+]1ccccc1C(=O)OCC#CCCCO,0
1256,Cc1cc(OCCO)c(Br)o1,0
1257,C[C@H](O)C1(C)OCC(C)(C)[C@@H]1O,0
1258,COCC1CC2CCC1C(=O)C(=C(O)O)CN(C)C2,0
1259,CC1([C@@H]2[C@@H](O)CCC[N+]2(C)C)CCC[C@@]1(C)CO,0
1260,N=C1COC2CCN1C/C2=N\O,0
1261,C/C(=C\C(C)C)N1CC(=O)O1,0
1262,C=C(C)c1ccc(/C=C\C(=O)OC2CC3CC(OC(=O)OCCCCC#N)(C3)N2C)cc1,0
1263,CC(C)[C@H]1CCC[N+]1(C)[C@H]1O[C@H](O)C1N,0
1264,C/C=C/CCC(=O)NCC,0
1265,C#C[C@@H]1OC[C@H](C)O[C@H]1C,0
1266,NCC#Cc1conc1C1=CCNC1=O,0
1267,CC(=O)NC1=CC=C(NC(=O)Nc2ccccc2)C2=CC=CC=C1CCC2,0
1268,COc1cc2c(cc1OC)C1Cc3c(cc(OC)c4c3ccn4C)ON1CC2,0
1269,CCC1(C)CNC(=O)O1,0
1270,CCC(C)(C)NC[C@@H]1COC(C)(C)O1,0
1271,C[C@H](C#N)[C@]1(C)COC1(C)C,0
1272,CNCC1CN(C(C)C)CC1CCC1C(=O)C(C(C)=O)C1C,0
1273,C=CCN1CC#CCN(C)CC1,0
1274,C[C@@H](CN)CCC#N,0
1275,C[N+](C)(C)CC#CC1OC1=O,0
1276,CC1(c2ccc(C#N)c([N+](=O)[O-])c2)CCCN1,0
1277,C=CCC[N+](C)(C)C,0
1278,C#CC(C)(C)C,0
1279,COCN1c2ccc(O)cc2CC[N+]1(C)C,0
1280,CNC(=O)CN1CCN(C(=O)CNN(CCC2NC(=O)N[C@H](CCCNC(=N)N)C(=O)N[C@H](C)C(=O)N2)CC(=O)NC)C1,0
1281,C[N+](C)(C)CC1C/C=C/COCCO1,0
1282,CC(C)[C@@H](C#N)C[N+](C)(C)[C@@H]1OC(C)(C)[C@@H]1C,0
1283,COCSC[C@@H](C)c1ccc(C)c(CO)n1,0
1284,CCSCCCCNC,0
1285,CN1C2CCC1CC(O)(CC(F)(F)F)C2,0
1286,C[C@@H](O)CC#CC1COCc2ccccc21,0
1287,CC1(C)OC[C@@H](O)C[N+]1(C)C,0
1288,C[C@@H]1OC(CO)(CS(C)(=O)=CCC#N)O[C@H]1C,0
1289,NC12CC(=O)CC1CC2O,0
1290,C#CC12COC3(O)CC1CCN3C2,0
1291,CN(C)CCCCN(C)CCC[n+]1ccco1,0
1292,CC#CC(C)(C)NCc1cncc(C)c1,0
1293,C/C(=C\CCN(C)C)CCCC#N,0
1294,C=CCN/C=C/C#N,0
1295,C[C@@H]1CCN2CC1=NC(C)(C)C2O,0
1296,Cc1cc2oc1C[C@@H](N)C2CCN,0
1297,CC(C)(C)c1nc(SCCO)c(CO)[nH]1,0
1298,Cc1cc2c(o1)CCNC2,0
1299,C[IH]c1ccc(CCCCBr)c(CO)n1,0
1300,COC1C[N+](C)(C)Cc2ccccc21,0
1301,CCC12CN3CCC1CC3(O)O2,0
1302,CC(C)/C=C/[C@H]1O[C@H]([C@@H]2CCC[N+]2(C)C)[C@@H]1O,0
1303,CS[C@H]1CCC[N+]1(C)[C@@H]1C(/C=C/CCCO)[C@@H]1O,0
1304,C=CCCNc1ccccn1,0
1305,CCN(C)C[C@@H](N)CNC1OC(=O)O1,0
1306,C[C@H](O)CSC(C)(C)CC1C=CCOC1,0
1307,CCCN(C)CCC1CCC2CC(C1=O)C(C(=O)O)CN2C,0
1308,C=C(C)CC(=O)C[C@]1(C)CCC[C@@H]1[C@H](O)SCCCCF,0
1309,CO[C@H]1CC=C(C)[C@H]1[C@H](O)CO,0
1310,C[C@H](N)C1(CN(C)CCl)OC1=O,0
1311,CC(C#C[C@@H]1COC[C@H]1O)CN,0
1312,CO[C@H](C)CNCc1ncccc1O,0
1313,C[C@H](O)[C@]1(C)COCC(C)(C)CO1,0
1314,CC(C)NCCC#CCN,0
1315,CC1CC2CC(N(C)C(N)=CCCC(=O)O2)N1C,0
1316,COC[C@H]1OC[C@H](OC)CO1,0
1317,Cc1nnc2nccc3c(c-2c1=O)N(Cc1cccc(-c2cnc4ccccc4c2)c1F)[C@@H]3C,0
1318,COC[C@@]1(C(N)=O)CN2CCC(=C(O)C1=O)C2,0
1319,Cc1cnc(C(C)CCN(C)C)c(C)c1C=C(CCN(C)C)c1ccccc1,0
1320,CSCCNCC#N,0
1321,CCC1(N)OC(=O)[C@@H](C#N)NC1=O,0
1322,COC[C@@H](C#N)OC,0
1323,CO[C@H]1CN(C)[C@@H](C)[C@H]1C,0
1324,C[C@]1(/C=C/CO)COC[C@H]1O,0
1325,NCC[C@H]1CO[C@@H](N)C[C@H]1F,0
1326,C=CCC1(C)Cc2ccc(O)cc2CO1,0
1327,CC1(C)C=C(CO)O[C@H]1COC(CO)CO,0
1328,Cc1c(C(C)C)coc1C[C@H]1CCC[N+]1(C)C,0
1329,Cc1occ2c1CN(C(C)C)CC2O,0
1330,CC(=O)OC[C@@H]1CC[C@H](C)[C@@H]1CN,0
1331,C[C@@H]1S[C@H](O)[C@@H]2CC[C@@H]1[N+](C)(C)CCCO2,0
1332,C/C=C/CNC(=O)NC,0
1333,N#CC1NC2CCC1C2,0
1334,CC(C)(C)[C@H](N)CC1OC(=O)O1,0
1335,CC(C)(C)c1nc(CO)c(/C=C/CO)o1,0
1336,COC(=O)c1cc([C@H]2CC[C@H](N3CC(C)OC3=O)CC2)cnc1-c1ncccn1,0
1337,CC1CCN(CC#N)C1=O,0
1338,CN(C)CC(CCc1cc(O)cc2c1CCC2)CC(F)(F)F,0
1339,CCC#CCN(CC)CCCC,0
1340,NC[C@@H]1/C(=N/CCCCO)CN2CCC12,0
1341,Cn1nc(C#N)c2c1CCNC2O,0
1342,C[C@H]1C[N+]CCN1C(=O)CC#N,0
1343,CC(=O)N1CCN(CC(=O)N[C@@H](C)C(=N)NCCCNC(=N)N)C(=O)N[C@@H](C)C(=O)N(C)CNC(=O)CNC(=O)NC1,0
1344,CC/C=C/CNC(C)CN,0
1345,C[C@H]1O[C@@H](CN(C)C)C(N)=C1CO,0
1346,C[C](C#CCN1CCCC1)C(=O)NC(C)(C)CCCCO,0
1347,C#CCO[C@H]1[C@H]2CCC[N+]2(C)CS[C@@H]1O,0
1348,N=C1CC2CC(Br)(C2)N1,0
1349,C#CC1(C)O[C@H](CO)C(C)(C)O1,0
1350,CC1CNCc2c([nH]c(O)c2C#N)C1,0
1351,C/C(=N\O)[C@@H]1CCCC(C)C1,0
1352,N=C1CN2CCC1(CC(=O)NO)C2,0
1353,CO[C@@H](C)[C@H](O)C#Cc1ccccc1,0
1354,Cc1nnc2c(n1)C=C(Cl)C1=C(C=C2)CN1Cc1ccc(-n2cccn2)cc1,0
1355,CC1NCCC2=C3CNCC3C1=CN2,0
1356,CCN1CC(CCC2CN(C(C)=O)C2=O)C1=O,0
1357,CCSCCN1CCCC1,0
1358,CN(C)CCCC(c1ccco1)[C@H]1CCC[C@@]1(C)C(N)=O,0
1359,CCc1cc(C#N)c(N)c(=O)[nH]1,0
1360,COC(=O)CNC1CC2CC(OC(=O)c3ccc(OC(C)=O)cc3)CC1C2,0
1361,[CH]1Cc2ccoc2CCN1,0
1362,CCCC1Oc2ccc(COC(=O)C3=C(CC(N)=O)CN(C)C3c3ccccc3)cc2C1O,0
1363,CC1C(=O)C(C)C(O)C1N,0
1364,CC,0
1365,N/C(=N\O)N1CCC2CC1C2,0
1366,COc1cc2c(cc1OC)C1Cc3c([nH]c4ccccc34)OC1=C2,0
1367,Cc1ccc(C[N+](C)(C)C)cc1CO,0
1368,Cc1cc(C#N)nc(C#C[C@H](C)O)c1,0
1369,COCC(C)(C)C,0
1370,CCC12CN(CCC3CC3)CC(C)(O1)O2,0
1371,CN(C)C1CN2C[C@@H](Cn3c4cccc(F)c4n3C[C@H](N)[C@H]3CCCc4cccnc43)C[C@H]12,0
1372,COC(=O)CC1CCC=C1c1ccccc1F,0
1373,CCCCC#CC1CC2CCCC1(OC(=O)OCC)C2,0
1374,CN(C)C12CCCC(CC(=O)O)C1CCC2,0
1375,CCCNC(=N)c1cc(C2=CC(CC)CC2)on1,0
1376,C[C@@H](N[C@H]1Cc2c(CN3CCCc4cccnc43)cccc2N(C)C1)N1CC(F)(F)C1,0
1377,C[C@@H]1O[C@H](CO)CI1C,0
1378,CC#CC(C)(C)c1ccc(C)c(C)n1,0
1379,OC12CN(CCC3CC3)CCC1O2,0
1380,CO[C@@H]1C2[C@H](O)C[C@@H]1OCCC[N+]2(C)C,0
1381,CCCN(C)CCNC(C)C,0
1382,CN1CC2CC1CC2=N,0
1383,CC(=O)OC1Cc2c(O)oc([C@@H](C)O)c2CN1,0
1384,Cc1cc2c3c(c1)C1OC4=CC=C(O)C=C3CCN(C2)C4O1,0
1385,CCCNC[C@H]1OC(=O)[C@@H](N)[C@@H]1C,0
1386,C#C[C@H](C)[C@H]1OCC(C)(C)[C@H]1O,0
1387,CC(C)[C@@H]1C[N+]2(C)CCC[C@@H]2[C@H]1O,0
1388,CN(C)C(=CCCc1ccco1)c1ccco1,0
1389,COc1cc2c(cc1OC)C1c3c(ccc4c3CN(C(C)=O)C4)C1O2,0
1390,C[N+](C)([O-])c1ccc(O)cc1,0
1391,Cc1cnccc1/C=C1\C(=O)c2ccccc21,0
1392,C/C1=C\C#CCN(C(=O)C(C)(C)C)[N+](C)(C)CC1,0
1393,O=C(CCl)NCCOCCN1CC2CC1C2,0
1394,CCOC(=O)C1CNCc2onc(O)c21,0
1395,CC(C)(C)NC(C)(C#N)C[C@H]1OC(=O)[C@@H]1N,0
1396,Cc1cc(Br)ccc1CCN,0
1397,C[C@@]1(CO)C[C@H](OCCO)[C@H]1C#N,0
1398,CC(CO)[C@]1(C)CN(C)C[C@@H]1O,0
1399,CN1CCCCCCC1=Cc1nc(C2CCCC2)no1,0
1400,CN1C=C2CCNCC2=C([C@H](O)CN)O1,0
1401,COC12CCC1(C[C@@H](O)CC#N)O2,0
1402,C[C@]1(CCC#N)CO[C@H](O)C1/C=C/CC#N,0
1403,CN[C@@H](CCCNC(=N)N)C(=O)NCC(=O)N[C@@H](CCCNC(=N)N)C(=O)NCC(=O)N[C@@H](C)NC1CCN2CCN(C)N12,0
1404,Cc1ccc2nc1C(C)C[C@H]2CCN,0
1405,CC(C)N1CC#CCC(C)(C)OC[C@@H](CO)C1,0
1406,C[C@H]1O[C@](C)(CN)C[C@@H]1CO,0
1407,NC(=O)C1CCC(=O)C1,0
1408,CN(C)C1CCC[C@]1(C)[C@@H]1OCCC[N+]1(C)C,0
1409,CCN(C)C#CCc1ccnc(C)c1,0
1410,C#CCN(CC)CCNC=O,0
1411,CO[C@H]1CC=CCOC1,0
1412,CN1CCc2c(coc2CO)C1,0
1413,CC#CCNC(C)CC,0
1414,CCC1CC2CC(OC(C)=O)(C(=O)OC(C)C)C(C1)N2,0
1415,C[C@H](N)C(=O)N[C@@H](CN)Cc1cccc(C(F)(F)F)n1,0
1416,C[C@@H]1OC[C@@H](C(C)(C)C)O[C@H]1C,0
1417,CC1=CN=C(C)C(CCN(C)C)=C2Cc3ccccc3C2=C1,0
1418,CC1(C)C[C@H](CSC(=O)NCCCO)N1,0
1419,C[C@H]1NC(=O)O[C@]1(C)CCN,0
1420,C=C[C@H](CO)[C@]1(C)CO[C@H](C#N)C1(C)C,0
1421,C[C@@H]1O[C@H](CO)C[SH]1(C)=O,0
1422,NC(=O)C1Cc2ccccc2CS1,0
1423,CN1CC#CCC1C(=O)C(C)(C)C,0
1424,CCn1c(C#N)ccc1[C@H](O)C1CCC[N+]1(C)C,0
1425,CN1C(=O)CN2c3ccccc3C[C@@H]2CCC1C#N,0
1426,C=CC1/C(=N/O)C2CCN1C2,0
1427,COc1cccc(C(C)=O)c1,0
1428,C=CCC(C)(C)CO[C@@H]1COC(C)(C)C1,0
1429,C[C@@H]1[C@@H](CC(C#N)C(C)(C)C)OC1(C)C,0
1430,COC(=O)C1C(=CCNC(C)C)C=C(c2ccccc2)C1C(=O)OC,0
1431,Cn1ccc2c1CNCC2,0
1432,N#CCN1CCc2ccccc2C1,0
1433,CC(=O)N1CCN2CC(=O)NC(C)(C)[C@@H](CCCNC(=N)N)NC(=O)[C@@H](C)NC(=O)NC1CCN(CC(N)=O)NCC2=O,0
1434,C#CCCCNCC=C,0
1435,CCN(C)CCCCNCC#N,0
1436,C=CCN(C)CC(C)(C)O,0
1437,CS(=O)(=O)NC1=NSc2c(Br)nsc2C2=C1CCNC2,0
1438,C[C@@H](C#N)N1CCCC1,0
1439,CCC1CCc2ccccc2C[N+]1,0
1440,CC(C)N1Cc2ccccc2C[C@@H]1CN1C[C@@H](CNC(=N)N)Cc2ncc3cc(O)ccc3c21,0
1441,CCSCCC(=O)OC,0
1442,C/C=C/C(C#N)CN(C)C,0
1443,CC1/C(=N/C#N)CC2CCN21,0
1444,C[C@H](N)C[N+](C)(C)CC1=COC1=O,0
1445,CC(C)N(C)CC(C)(C)[C@H]1CO[C@@H](O)CO1,0
1446,C=CCNCc1ccc([C@H]2CCC[C@H]2C[N+](C)(C)C)o1,0
1447,CN1CC2C/C(=N/CC#N)C21,0
1448,C[CH]COC,0
1449,CC(C)[C@H]1CC[C@@](O)([C@H]2CCC[N+]2(C)C)S1,0
1450,C[C@H](NC(=N)N[C@@H](C)C(=O)N[C@@H](CCCNC(=N)N)C(=O)C1=C(Cl)C(N)=N1)C(=O)N[C@H]1CCCN(C)C(=O)N1,0
1451,Cc1cc(C)cc(/C=C/CCCO)c1,0
1452,C[C@@H](O)c1cc(C2(O)CCCN2)co1,0
1453,CC1(C)[C@H](CO)CO[C@@]1(C)CO,0
1454,Cc1ccc2oc3cc(C(=N)N)ccc3c(c1)-c1ccc(S(N)(=O)=O)cc1S(=O)(=O)c1ccccc1-2,0
1455,C#CCN(CC)C(=O)CCS,0
1456,CC(C)[C@@H]1CO[C@H](C)[C@H](C)O[C@@H]1C,0
1457,C[C@@H]1[CH][C@](C)([C@H](C)C[N+](C)(C)C)OC1,0
1458,O=C(CCl)N1CCC2=C3CNCC3C(=C(O)N2)C1,0
1459,C[C@@H](NC(=O)CNC(=N)N)C(=O)CNC(=O)[C@H](CCCNC(=N)N)N1CCN2CCN(CC(=O)NC(=O)N2)N1,0
1460,C=NCCCN(C)CCC,0
1461,C=C[C@@H]1O[C@@H](CO)[C@@H](CO)O1,0
1462,C[C@H]1CN(C)CO[C@H]1CO,0
1463,Cc1nsc2c3c(c(N)n12)CCNC3,0
1464,CCOC(=O)[C@H]1Cc2ccc(O)c(OC)c2C=C1C,0
1465,CC#C[C@@H]1O[C@H]([C@H]2CCC[N+]2(C)C)CC[C@H]1OC,0
1466,CC(C)=CCNCCCC#N,0
1467,C[C@H](CO)NC1(C)OC(=O)[C@@H](C)[C@H]1C,0
1468,C[C@H](CO)O[C@H]1C[C@@H](CN)O1,0
1469,CC(C)(C)C(O)Cn1cccc1,0
1470,NC(=O)OC[C@@H]1CCCC(F)(F)C1,0
1471,C=CC[C@H]1[C@H](O)C[C@H]1OC(C)=C[C@@H]1CCC[N+]1(C)C,0
1472,COC1CC2(O)CCC1N2C,0
1473,CC1CCC(C2CC(Cl)(CCl)OC(=O)O2)C1C,0
1474,CC[N+](C)(C)CC1(C)OC(=O)O[C@H]1N,0
1475,CN(C)CC[N+](C)(C)C,0
1476,Cc1csc(N)c1C(C)Oc1sc2ccccc2c1Cl,0
1477,COC[C@@H](CCl)NCc1c[nH]cn1,0
1478,CC1Cc2c(oc(O)c2CN)C(O)N1,0
1479,C=CCN1CC=CCC1C,0
1480,C[C@H](N)Cc1cc(F)c(OC(N)=O)[nH]1,0
1481,Cc1c(CO)oc(C[C@@H]2CCCN2C)c1C,0
1482,CC#CCN(C)CCn1ccnc1,0
1483,N=C1CC2CN(C1)CN2CCO,0
1484,C#CC/C=C/[C@H]1S[C@H](O)[C@@H]2CCC[C@@]2(C)CCC[N+]1(C)C,0
1485,C#CC12CN3CCC1CC32O,0
1486,CN(C)C1CC2CCCC1CC2O,0
1487,COC[C@@H](CO)OCc1ccc(C)c(C)c1,0
1488,CO[C@@H]1CN(C)[C@H](C)CO1,0
1489,FC1C2CCN1CC1(CCO1)O2,0
1490,C[C@@H](CO)N(C)CC(C)(C)C[C@H]1OC1=O,0
1491,Cc1cc(CCCC/C=C/CN)ccn1,0
1492,CN1CCNC(=O)O1,0
1493,COc1cc(CN(C)CF)cc(N)n1,0
1494,CC(C)(C)NC[C@H]1COc2ccc(O)nc21,0
1495,C[C@@H]1OC[C@@](C)(CCl)C[C@H]1O,0
1496,COC1CNCCc2coc(C)c21,0
1497,COc1cc2c(cc1O)C(CCCF)=CC2,0
1498,CO[C@H]1Cc2ccccc2CN1,0
1499,CC(C)CNC1C(=O)CC1CCO,0
1500,CN1CC#C[C@H]1CC[N+](C)(C)C,0
1501,C=CCN1CCN(CC(=O)N[C@@H](C)C(=O)N[C@@H](CCCNC(=N)N)C(=O)NCCCN=O)N(c2ccccc2)C(=O)N1,0
1502,CN1C(C(F)(F)F)=C(C(=O)NCc2ccc(Cl)cc2)Sc2c1nn(C)c2Cl,0
1503,N=C1C2CCN(C2)C1CO,0
1504,C#C[C@@H](C)NCc1cc[nH]c1,0
1505,C[C@@H]1CO[C@@H]([C@@H](C)CCl)CO1,0
1506,CC(C)C[C@H]1COC[C@@H](C)[C@H]1O,0
1507,CC(C)(C)c1nc(CO)c(OCCO)[nH]1,0
1508,CS(=O)(=O)N1CCc2[nH]cc(CN)c2C1,0
1509,CN1CCc2c(C(N)=O)nsc2C1,0
1510,CN1CCCC1,0
1511,COC(=O)N1CCC(N[C@@H](C)C(=N)N)C(=O)CNC(=O)CNC(=O)[C@H](C)NC(=O)[C@H](CCCNC(=N)N)NC1=O,0
1512,CC[C@@H]1NC(=O)CNC(=N)N(CCN(CC(=O)N2c3ccccc3NC(=O)N2C)C(=O)N[C@@H](C)C(=O)NCCCNC)C1=O,0
1513,Cc1ccc(C(C)(O)C[N+](C)(C)C)cc1,0
1514,C[C@@H]1CNCc2c(C[C@H]3CN(C)C[C@H]3Cc3cccc4c3CCCN4)cccc21,0
1515,C[C@@H]1CSC[C@@H]1OC(C)(C)CC(C)(C)C,0
1516,CO[C@@H](CN)C1(C)CO1,0
1517,CNC(=O)CN1CCC2NC(=O)NC(=O)[C@H](C)NC(=O)[C@H](C)NC(=N)N[C@@H](CCCNC(=O)N2C)C(=O)NN1,0
1518,CC(C)N1CC(C)(C)OC1=O,0
1519,C[C@@H](CN(C)C)[C@]1(C)OC(=O)[C@@H](N)[C@@H]1O,0
1520,C[N+]1(CCCC(O)c2ccco2)CCCC1,0
1521,CC(O)c1ccc(O)cc1C(C)(C)C,0
1522,CCN1C=CC(c2cccc(C(=O)OCCc3ccc(S(C)(=O)=O)cc3)c2C(N)=O)CC1,0
1523,CO[C@H](C)CO,0
1524,COc1ccc2c(c1)C[C@@H]1CN(C)[C@@H](C2)CN(C)C2CCCc3cc(nc(N)c32)CN1,0
1525,CC(F)/C=C\[C@H]1CO[C@H](C)CO1,0
1526,C=CCNCC/C=C/CC,0
1527,CC#CCN[C@H](C)C(=O)NC,0
1528,C#CCNCCc1ccccc1,0
1529,O=C(OC1CC2CC(O)(C1)N2)c1cccc(Cl)c1,0
1530,C[N+](C)(C)CC#CCN1CCN(C(=O)C(F)(F)F)CC1,0
1531,Cc1cncc(C=C2Cc3ccccc3C2CN(C)CCCO)n1,0
1532,CS[C@H]1CCC[N+]1(C)[C@@H]1C[C@H]1O,0
1533,CNC(=O)[C@H](CCCNC(=N)N)NC(=N)N[C@@H](C)C(=O)N[C@H]1CCCN(C(C)=N)C(CCN2CCNC(=O)C2)NC1=O,0
1534,O=CN1CC2CC1CC2C(F)(F)F,0
1535,C[C@H](N)CBr,0
1536,COC[C@H](C)c1ncccc1O,0
1537,CC(C)(C)N(CCC1CCC2C(=O)C(C(N)=O)CN2CC1)CC(=O)O,0
1538,Nc1ccc(/C=C2\C=Cc3ccccc32)cn1,0
1539,CN(C)C=NCC(C)(C)C#N,0
1540,COC1C2CCCN1CC(O)C2,0
1541,CN1CCc2c(cccc2Nc2cccc3c2C[C@@H]2CN(C)[C@H]4CCCC3=CC=CN=C4CN2)C1,0
1542,C[C@H]1OCCOC1[N+](C)(C)C,0
1543,CC(C)[C@]1(C)CCC[C@H]1[C@H](O)S[C@H](O)C1CCCC1,0
1544,CC(C)NC1CC(=O)CC1CC#N,0
1545,COc1nccnc1C=C1Cc2ccccc2C1,0
1546,CN(C)CC1(O)CCc2ccccc2C1,0
1547,O=C(OC(F)(F)F)[C@H]1CN2C[C@H](O)C[C@@H]2CN1C(=O)NC1CCCCC1,0
1548,CC(=O)N1CCN(CC(=O)N[C@H](C)C(=O)N[C@@H](C)C(=O)N[C@@H](C)C(=O)NC(=O)n2c(=O)[nH]c3ccccc32)C1,0
1549,CN[C@H](CCCNC(=N)N)NC(=O)[C@H](C)NC(=O)[C@H](C)NC(=O)NC1CCN2CCN(CC(=O)NC2)N1,0
1550,CN/C=C/C(C)CN,0
1551,COC[C@@H]1[C@H](C)C[C@H]2C[N+](C)(C)CCC[C@@H]1O2,0
1552,Cc1c(Br)ccnc1N,0
1553,CCN(C)CC(C)NC,0
1554,C#C[C@H](COC)OC(C)(C)C,0
1555,CC(=O)O[C@@H]1Cc2ccccc2C[C@@]1(C)CN,0
1556,N=C1CN2CCC1(O)C2,0
1557,CNC(=O)c1cc2c([nH]1)CN1CCc3c(OC)cc4c(c3C1)OC2c1cc(OC)c(OC)cc1-4,0
1558,Nc1ncc([C@H]2CC[C@H]3[C@H](C2)N3C(=O)OC(F)(CF)c2ccccc2)cc1-c1ncccn1,0
1559,Cc1cncs1,0
1560,CN1Cc2cccnc2CN(C)CN(Cc2ccccc2N2CCNCC2)CC(O)C1,0
1561,Cc1c(C#N)c(C(F)(F)F)c([C@H]2CCCS2)n1C,0
1562,COC12CN3CCC1CC3(C)O2,0
1563,CC(O)[C@H]1CCC[N+]2(C)C1[C@H](O)C2[N+](=O)[O-],0
1564,C=CCC1(NC(=S)NC2CCN(C3CCCC3)CC2)CCCCC1,0
1565,CO[C@H](CO)CC#Cc1ccccn1,0
1566,C[C@@H]1N(C(C)(C)CO)COC1(C)C,0
1567,CN/C(=C1\CNCC=C1c1nc(C2CCC2)no1)C1CCC1,0
1568,CCNC(CC(=O)NC1CCCCC1)NC1CC1,0
1569,OCCN1CCC(O)(c2ccccc2)C(c2ccccc2)(c2ccccc2)C1,0
1570,O=C1CC2C1C(=O)CC2(O)CO,0
1571,CC/C=C/C(C)=N/C/C=C/N,0
1572,CCCCC1CC(OC(=O)OCC(C)CC)C1N,0
1573,CC(C)(C)OC(=O)NCCC(=O)N1CCc2oncc2C1,0
1574,Cc1csc(N)c1C(C)CN(C)C,0
1575,CO[C@H]1C[C@@]2(O)CCC[N+](C)(C)[C@H]1SC2,0
1576,C/C=C/C(C)=N\O,0
1577,CN(C)C12CCC(CC(OC(=O)NC(N)=S)C1)C2,0
1578,COCC(C)(C)c1ccc(Br)c(C)c1,0
1579,N=C1CN2CCC1C2CCO,0
1580,COC[C@@H](OC)C(C)(C)c1ccc(C)cc1,0
1581,CC(=O)OC1Cc2onc(C)c2CN1Cc1ccccc1,0
1582,CCCN(C)CC(C)(C)NCC#N,0
1583,COC[C@@H](O)C1C=CC(C)=CC1,0
1584,CCC(NC(=O)CN1CCCCC1)c1ccccc1,0
1585,C=CCC1C(O)CC(N)C1OC,0
1586,CN1CC2CC(CO)=NC(C2)C1,0
1587,CC[N+](C)(C)CC1(C)O[C@@H](CO)[C@@H](C)O1,0
1588,C[C@H](CN(C)C)C1(C)OC(C)(C)C[C@H]1C,0
1589,NCCC1CC=C(c2ccccc2)C1,0
1590,CC1(C)CCC(NC(=O)CN(CC(N)=O)CC(F)(F)F)CC1,0
1591,Cc1cccc(C2(c3ccccc3)CCN(CC(C)(C)N)CCN2c2ccccc2)c1,0
1592,CC(=O)O[C@@H]1C(O)[N+]2(C)CCCC12,0
1593,CC1CN2C(=O)CCN2CCCc2cc(Cl)ccc2CCC1(C)C,0
1594,CC(C)OC(=O)C1(O)CC2CCC(C1)C(C)N2,0
1595,C/C(=C\CN(C)C)CN(C)C[C@H]1OC(=O)[C@@H](N)C1=O,0
1596,CC[C@H](N)C1(N)OC(=O)C1C,0
1597,C/C(=C\CC(C)(C)O)C1OCCO1,0
1598,Cc1cc(C#N)cc(C(C)C)n1,0
1599,N#CCCCC(=O)Nc1ccccn1,0
1600,Cc1cc(C#CCN(C)C(=O)C(C)C)c([N+](=O)[O-])[nH]1,0
1601,C#CCN1CCN(CC(=O)N(CC)CC)CCN(C(=O)OC)C1C,0
1602,C=CCNC,0
1603,CC#CCN(C)C(C)(C)CN=O,0
1604,Cc1cc([C@@]2(F)CCNC2)oc1CCN,0
1605,Cc1cc(C#N)c(C)o1,0
1606,CO[C@@H]1[C@@H](O)C(C)(C)OC1(C)C,0
1607,COCC1CCC2CCC1C(=O)N(CC(O)=C(O)O)C2,0
1608,C=CCCNCC,0
1609,CN1C(=O)CCCC(=O)OC2CC1C2,0
1610,C[C@@H]1OCC1(C)OCC(C)(C)C#N,0
1611,COCC(C)c1ccc(C)c(C)n1,0
1612,CN[C@H](C)C1=C(c2nc(C3CC3)no2)C(=C(N)N)C1,0
1613,CN1CCc2c([nH]c(CO)c2C#N)C1,0
1614,C[C@]1(O)C[C@H]2C1/C=C/CCC([N+](C)(C)C)[C@@H]2O,0
1615,CC1(C)C=C(CO)[C@H](OCCO)C1,0
1616,CC1(C)ON(C(C)(C)C)C[C@H]1CO,0
1617,CC1CNCC2=C1C=NSC1=C2NCC1,0
1618,Cc1ncsc1[C@@]1(C)c2ccccc2-c2sc(CCN(C)C)cc21,0
1619,CCNCC#Cc1c[nH]c(C)c1,0
1620,CC[C@]1(C)CCC[N+]1(C)c1ccoc1C,0
1621,CC(/C=C/C#N)CNC(C)C,0
1622,C=CC(C)(C)c1ccc(CCN)cc1,0
1623,CC(N)CI1COCCO1,0
1624,C[C@H]1OC[C@H](O)CN1C,0
1625,CCN(CC)CC1CCC2CC1CC(C(=O)OC)C(=O)N2C,0
1626,Cc1nccs1,0
1627,Cc1cc(CN2CCC=C2c2noc(S(C)(=O)=O)n2)no1,0
1628,CN[SH](C)(=O)NCC#N,0
1629,C#CCCN(C)CCC,0
1630,CC(C)(C)NCCCC#N,0
1631,CC(C)=C[C@@H]1COC(C)(C)[C@@H](C)[C@@H](C)CO1,0
