SMILES,Activity
CNC(=O)COCC(=O)NCCCCCCNC(=O)COCC(=O)NCCOc1cccc(NC(=O)N[C@@H]2N=C(c3ccccc3)c3ccccc3N(C)C2=O)c1,1
CCN(CC)C(=O)CN1C(=O)C(NC(=O)Nc2cccc(OC)c2)N=C(c2ccccc2)c2ccccc21,1
CCN(CC)C(=O)CN1C(=O)C(NC(=O)Nc2ccc(Cl)cc2)N=C(c2ccccc2)c2ccccc21,1
CCOC(=O)CCN1C(=O)C(NC(=O)Nc2cccc(OC)c2)N=C(c2ccccc2)c2ccccc21,1
CN1C(=O)[C@@H](NC(=O)Nc2cccc(I)c2)N=C(c2ccccc2)c2ccccc21,1
CCOC(=O)CN1C(=O)C(NC(=O)Nc2ccc(Cl)cc2)N=C(c2ccccc2)c2ccccc21,1
Cc1cccc(NC(=O)N[C@@H]2N=C(c3ccccc3)c3ccccc3N(C)C2=O)c1,1
COc1cccc(NC(=O)N[C@@H]2N=C(c3ccccc3)c3ccccc3N(C)C2=O)c1,1
Cc1cccc(NC(=O)N[C@H]2N=C(c3ccccc3)c3ccccc3N(C)C2=O)c1,1
COc1cccc(NC(=O)NC2N=C(c3ccccc3)c3ccccc3N(C)C2=O)c1,1
Cc1cccc(NC(=O)NC2N=C(c3ccccc3)c3ccccc3N(C)C2=O)c1,1
CN1C(=O)C(NC(=O)Nc2cccc(C(F)(F)F)c2)N=C(c2ccccc2)c2ccccc21,1
CN1C(=O)[C@H](NC(=O)Nc2cccc(Br)c2)N=C(c2ccccc2)c2ccccc21,1
CCN(CC)C(=O)CN1C(=O)C(NC(=O)Nc2ccccc2Cl)N=C(c2ccccc2)c2ccccc21,1
CCOC(=O)CN1C(=O)C(NC(=O)Nc2ccc(Cl)cc2)N=C(c2ccccc2F)c2ccccc21,1
CC(=O)c1cccc(NC(=O)NC2N=C(c3ccccc3)c3ccccc3N(C)C2=O)c1,1
CN1C(=O)C(NC(=O)Nc2cccc(CC(=O)O)c2)N=C(c2ccccc2)c2ccccc21,1
CN1C(=O)C(NC(=O)Nc2cccc(Br)c2)N=C(c2ccccc2)c2ccccc21,1
CCN(CC)CC(=O)OCCN1C(=O)C(NC(=O)Nc2cccc(C)c2)N=C(c2ccccc2)c2ccccc21,1
CN1C(=O)C(NC(=O)Nc2ccc(C(F)(F)F)cc2)N=C(c2ccccc2)c2ccccc21,1
CCOC(=O)CCN1C(=O)C(NC(=O)Nc2ccc(Cl)cc2)N=C(c2ccccc2)c2ccccc21,1
O=C(Nc1ccc(Cl)cc1)NC1N=C(c2ccccc2)c2ccccc2N(C[C@@H](O)CCl)C1=O,1
Cc1ccc(NC(=O)NC2N=C(c3ccccc3)c3ccccc3N(C)C2=O)cc1,1
CN1C(=O)[C@H](NC(=O)Nc2ccc(C(=O)O)cc2)N=C(c2ccccc2)c2ccccc21,1
Cc1cccc(NC(=O)NC2N=C(c3ccccc3)c3ccccc3N(CCOC(=O)CCC(=O)O)C2=O)c1,1
CN1C(=O)[C@H](NC(=O)Nc2cccc(Cl)c2)N=C(c2ccccc2)c2ccccc21,1
COC(=O)c1cccc(NC(=O)N[C@@H]2N=C(c3ccccc3)c3ccccc3N(C)C2=O)c1,1
Cc1ccc(NC(=O)N[C@H]2N=C(c3ccccc3)c3ccccc3N(C)C2=O)cc1,1
CN1C(=O)C(NC(=O)Nc2cccc(C(=O)O)c2)N=C(c2ccccc2)c2ccccc21,1
CN1C(=O)C(NC(=O)Nc2cccc(Cl)c2)N=C(c2ccccc2)c2ccccc21,1
CCNC(=O)CN1C(=O)C(NC(=O)Nc2ccc(Cl)cc2)N=C(c2ccccc2)c2ccccc21,1
CN1C(=O)C(NC(=O)Nc2cccc([N+](=O)[O-])c2)N=C(c2ccccc2)c2ccccc21,1
Cc1ccc(NC(=O)N[C@@H]2N=C(c3ccccc3)c3ccccc3N(C)C2=O)cc1,1
CN1C(=O)[C@H](NC(=O)Nc2cccc(O)c2)N=C(c2ccccc2)c2ccccc21,1
CN1C(=O)[C@H](NC(=O)Nc2ccc(Cl)cc2)N=C(c2ccccc2)c2ccccc21,1
CCN(CC)C(=O)C(C)N1C(=O)C(NC(=O)Nc2ccc(Cl)cc2)N=C(c2ccccc2)c2ccccc21,1
Cc1ccc(NC(=O)NC2N=C(c3ccccc3)c3ccccc3N(C)C2=O)cc1C,1
CN1C(=O)C(NC(=O)Nc2ccc(Cl)cc2)N=C(c2ccccc2)c2ccccc21,1
C#Cc1cccc(NC(=O)NC2N=C(c3ccccc3)c3ccccc3N(C)C2=O)c1,1
Cc1cccc(NC(=O)NC2N=C(c3ccccc3)c3ccccc3N(CCN(C)C)C2=O)c1,1
COc1ccc(NC(=O)NC2N=C(c3ccccc3)c3ccccc3N(C)C2=O)cc1,1
CN1C(=O)C(NC(=O)Nc2cccc(C#N)c2)N=C(c2ccccc2)c2ccccc21,1
CN1C(=O)C(NC(=O)Nc2ccccc2)N=C(c2ccccc2)c2ccccc21,1
CN1C(=O)[C@H](NC(=O)Nc2cccc(N)c2)N=C(c2ccccc2)c2ccccc21,1
COC(=O)Cc1cccc(NC(=O)NC2N=C(c3ccccc3)c3ccccc3N(C)C2=O)c1,1
C=Cc1cccc(NC(=O)N[C@@H]2N=C(c3ccccc3)c3ccccc3N(C)C2=O)c1,1
Cc1cccc(NC(=O)N[C@@H]2N=C(c3ccccc3)c3ccccc3NC2=O)c1,1
Cc1cccc(NC(=O)NC2N=C(c3ccccc3)c3ccccc3N(CCO)C2=O)c1,1
CN1C(=O)C(NC(=O)Nc2ccc([N+](=O)[O-])cc2)N=C(c2ccccc2)c2ccccc21,1
CN1C(=O)C(NC(=O)Nc2ccc(Br)cc2)N=C(c2ccccc2)c2ccccc21,1
CN1C(=O)C(NC(=O)Nc2cccc(F)c2)N=C(c2ccccc2)c2ccccc21,1
CN1C(=O)[C@H](NC(=O)Nc2ccccc2Cl)N=C(c2ccccc2)c2ccccc21,1
CN1C(=O)C(NC(=O)Nc2ccc(F)cc2)N=C(c2ccccc2)c2ccccc21,1
CN1C(=O)C(NC(=O)Nc2ccc(Cl)c(Cl)c2)N=C(c2ccccc2)c2ccccc21,1
O=C(O)CN1C(=O)C(NC(=O)Nc2ccc(Cl)cc2)N=C(c2ccccc2)c2ccccc21,1
O=C(Nc1ccc(Cl)cc1)NC1N=C(c2ccccc2)c2ccccc2N(C[C@@H](O)CO)C1=O,1
CN1C(=O)C(NC(=O)Nc2cccc(CNC(=O)OC(C)(C)C)c2)N=C(c2ccccc2)c2ccccc21,1
COc1cccc(NC(=O)NC2N=C(c3ccccc3)c3ccccc3N(CCN(C)C)C2=O)c1,1
CN1C(=O)C(NC(=O)Nc2ccc(Cl)cc2Cl)N=C(c2ccccc2)c2ccccc21,1
COc1cccc(NC(=O)NC2N=C(c3ccccc3)c3ccccc3N(CCC(=O)O)C2=O)c1,1
Cc1cc(C)cc(NC(=O)NC2N=C(c3ccccc3)c3ccccc3N(C)C2=O)c1,1
O=C(Nc1ccc(Cl)cc1)NC1N=C(c2ccccc2)c2ccccc2NC1=O,1
CN1C(=O)[C@@H](NC(=O)Nc2ccccc2Cl)N=C(c2ccccc2)c2ccccc21,1
COc1cccc(NC(=O)N[C@H]2N=C(c3ccccc3)c3ccccc3N(C)C2=O)c1,1
Cc1cccc(NC(=O)NC2N=C(c3ccccc3)c3ccccc3N(CC(=O)O)C2=O)c1,1
CCN(CC)C[C@H](O)CN1C(=O)C(NC(=O)Nc2ccc(Cl)cc2)N=C(c2ccccc2)c2ccccc21,1
CC(=O)Oc1cccc(NC(=O)N[C@@H]2N=C(c3ccccc3)c3ccccc3N(C)C2=O)c1,1
CN1C(=O)[C@H](NC(=O)Nc2cccc(I)c2)N=C(c2ccccc2)c2ccccc21,1
CN1C(=O)[C@@H](NC(=O)Nc2ccc(Cl)cc2)N=C(c2ccccc2)c2ccccc21,1
O=C(Nc1ccc(Cl)cc1)NC1N=C(c2ccccc2F)c2ccccc2NC1=O,1
CN1C(=O)[C@H](NC(=O)Nc2cccc(CN)c2)N=C(c2ccccc2)c2ccccc21,1
CCCC[C@H](NC(=O)[C@H](Cc1c[nH]c2ccccc12)NC(=O)CNC(=O)[C@H](CCCC)NC(=O)[C@@H](N)Cc1ccc(OS(=O)(=O)O)cc1)C(=O)N[C@@H](CC(=O)O)C(=O)N[C@@H](Cc1ccccc1)C(N)=O,1
CCCC[C@H](NC(=O)CNC(=O)[C@H](Cc1c[nH]c2ccccc12)NC(=O)[C@H](CCCC)NC(=O)[C@H](CC(=O)O)NC(=O)[C@H](Cc1ccccc1)NC)C(=O)N[C@@H](Cc1ccc(S(=O)(=O)O)cc1)C(=O)N[C@@H](CC(=O)O)C(=O)O,1
CCCC[C@H](NC(=O)[C@H](Cc1ccc(OS(=O)(=O)O)cc1)NC(=O)OC(C)(C)C)C(=O)NCC(=O)N[C@@H](Cc1c[nH]c2ccccc12)C(=O)N[C@@H](CCCC)C(=O)N[C@@H](CC(=O)O)C(=O)N[C@@H](Cc1ccccc1)C(N)=O,1
CCCC[C@H](NC(=O)[C@H](Cc1ccc(OS(=O)(=O)O)cc1)NC(=O)OC(C)(C)C)C(=O)NCC(=O)N[C@@H](Cc1c[nH]c2ccccc12)C(=O)N(C)[C@@H](CCCC)C(=O)N[C@@H](CC(=O)O)C(=O)N[C@@H](Cc1ccccc1)C(N)=O,1
CCCC[C@H](NC(=O)CCc1ccc(OS(=O)(=O)O)cc1)C(=O)NCC(=O)N[C@@H](Cc1c[nH]c2ccccc12)C(=O)N(C)[C@@H](CC(C)C)C(=O)N[C@@H](CC(=O)O)C(=O)N[C@@H](Cc1ccccc1)C(N)=O,1
CCCC[C@H](NC(=O)[C@H](Cc1ccc(CS(=O)(=O)O)cc1)NC(=O)OC(C)(C)C)C(=O)NCC(=O)N[C@@H](Cc1c[nH]c2ccccc12)C(=O)N[C@@H](CCCC)C(=O)N[C@@H](CC(=O)O)C(=O)N[C@@H](Cc1ccccc1)C(N)=O,1
CCCC[C@H](NC(=O)CCc1ccc(OS(=O)(=O)O)cc1)C(=O)NCC(=O)N[C@@H](Cc1c[nH]c2ccccc12)C(=O)N[C@@H](CCCC)C(=O)N[C@@H](CC(=O)O)C(=O)N[C@@H](Cc1ccccc1)C(N)=O,1
CCCC[C@H](NC(=O)[C@H](Cc1c[nH]c2ccccc12)NC(=O)CNC(=O)[C@H](CC(C)C)NC(=O)CCc1ccc(OS(=O)(=O)O)cc1)C(=O)N[C@@H](CC(=O)O)C(=O)N[C@@H](Cc1ccccc1)C(N)=O,1
CCCC[C@H](NC(=O)[C@@H](N)Cc1ccc(O)cc1)C(=O)NCC(=O)N[C@@H](Cc1c[nH]c2ccccc12)C(=O)N(C)[C@@H](CCCC)C(=O)N[C@@H](CC(=O)O)C(=O)N[C@@H](Cc1ccccc1)C(N)=O,1
CSCC[C@H](NC(=O)[C@H](Cc1ccc(OS(=O)(=O)O)cc1)NC(=O)[C@@H](N)CC(=O)O)C(=O)NCC(=O)N[C@@H](Cc1c[nH]c2ccccc12)C(=O)N[C@@H](CCSC)C(=O)N[C@@H](CC(=O)O)C(=O)N[C@@H](Cc1ccccc1)C(N)=O,1
CCCC[C@@H](C(=O)N[C@@H](CC(=O)O)C(=O)N[C@@H](Cc1ccccc1)C(N)=O)N(C)C(=O)[C@@H](Cc1c[nH]c2ccccc12)NC(=O)CNC(=O)[C@@H](C)NC(=O)[C@@H](N)Cc1ccc(O)cc1,1
CSCCC(NC(=O)C(Cc1ccc(OS(=O)(=O)O)cc1)NC(=O)C(N)CC(=O)O)C(=O)NCC(=O)NC(Cc1c[nH]c2ccccc12)C(=O)NC(CCSC)C(=O)NC(CC(=O)O)C(=O)NC(Cc1ccccc1)C(N)=O,1
CCCC[C@H](NC(=O)CCc1ccc(OS(=O)(=O)O)cc1)C(=O)NCC(=O)N[C@@H](Cc1c[nH]c2ccccc12)C(=O)N[C@@H](CC(C)C)C(=O)N[C@@H](CC(=O)O)C(=O)N[C@@H](Cc1ccccc1)C(N)=O,1
CCCC[C@H](NC(=O)[C@H](Cc1c[nH]c2ccccc12)NC(=O)CNC(=O)CNC(=O)CCc1ccc(OS(=O)(=O)O)cc1)C(=O)N[C@@H](CC(=O)O)C(=O)N[C@@H](Cc1ccccc1)C(N)=O,1
CCCC[C@@H](NC(=O)[C@@H](N)Cc1ccc(O)cc1)C(=O)NCC(=O)N[C@@H](Cc1c[nH]c2ccccc12)C(=O)N(C)[C@@H](CCCC)C(=O)N[C@@H](CC(=O)O)C(=O)N[C@@H](Cc1ccccc1)C(N)=O,1
CCCC[C@@H](C(=O)N[C@@H](CC(=O)O)C(=O)N[C@@H](Cc1ccccc1)C(N)=O)N(C)C(=O)[C@H](Cc1c[nH]c2ccccc12)NC(=O)CNC(=O)[C@@H](C)NC(=O)[C@@H](N)Cc1ccc(O)cc1,1
CCCC[C@H](NC(=O)[C@H](Cc1c[nH]c2ccccc12)NC(=O)CN(C)C(=O)[C@H](CCCC)NC(=O)[C@H](Cc1ccc(OS(=O)(=O)O)cc1)NC(=O)[C@H](CC(=O)O)NC(C)=O)C(=O)N[C@@H](CC(=O)O)C(=O)N[C@@H](Cc1ccccc1)C(N)=O,1
CCCC[C@H](NC(=O)[C@H](Cc1c[nH]c2ccccc12)NC(=O)CNC(=O)[C@@H](CCCC)NC(=O)CCc1ccc(OS(=O)(=O)O)cc1)C(=O)N[C@@H](CC(=O)O)C(=O)N[C@@H](Cc1ccccc1)C(N)=O,1
CCCC[C@H](NC(=O)[C@H](Cc1c[nH]c2ccccc12)NC(=O)CNC(=O)[C@@H](C)NC(=O)[C@@H](N)Cc1ccc(O)cc1)C(=O)N[C@@H](CC(=O)O)C(=O)N[C@@H](Cc1ccccc1)C(N)=O,1
CCCC[C@H](NC(=O)[C@H](Cc1ccc(OS(=O)(=O)O)cc1)NC(=O)[C@H](CC(=O)O)NC(C)=O)C(=O)NCC(=O)N[C@@H](Cc1c[nH]c2ccccc12)C(=O)N[C@@H](CCCC)C(=O)N(C)[C@@H](CC(=O)O)C(=O)N[C@@H](Cc1ccccc1)C(N)=O,1
CCCC[C@H](NC(=O)[C@H](Cc1ccc(S(=O)(=O)O)cc1)NC(=O)OC(C)(C)C)C(=O)NCC(=O)N[C@@H](Cc1c[nH]c2ccccc12)C(=O)N[C@@H](CCCC)C(=O)N[C@@H](CC(=O)O)C(=O)NCCc1ccccc1,1
CCCC[C@H](NC(=O)CCc1ccc(OS(=O)(=O)O)cc1)C(=O)NCC(=O)N[C@@H](Cc1c[nH]c2ccccc12)C(=O)N[C@@H](CCCC)C(=O)N[C@@H](CC(=O)O)C(=O)N(C)[C@@H](Cc1ccccc1)C(N)=O,1
CCCC[C@H](NC(=O)[C@H](Cc1c[nH]c2ccccc12)NC(=O)CNC(=O)[C@H](CCCC)NC(=O)[C@H](Cc1ccc(OS(=O)(=O)O)cc1)N(C)C(=O)[C@H](CC(=O)O)NC(C)=O)C(=O)N[C@@H](CC(=O)O)C(=O)N[C@@H](Cc1ccccc1)C(N)=O,1
CCCC[C@H](NC(=O)[C@H](Cc1ccc(OS(=O)(=O)O)cc1)NC(=O)[C@H](CC(=O)O)NC(C)=O)C(=O)NCC(=O)N[C@@H](Cc1c[nH]c2ccccc12)C(=O)N[C@@H](CCCC)C(=O)N[C@@H](CC(=O)O)C(=O)N[C@@H](Cc1ccccc1)C(N)=O,1
CCCC[C@H](NC(=O)[C@H](Cc1ccc(OS(=O)(=O)O)cc1)NC(=O)[C@H](CC(=O)O)NC(C)=O)C(=O)NCC(=O)N[C@@H](Cc1c[nH]c2ccccc12)C(=O)N[C@@H](CCCC)C(=O)N[C@@H](CC(=O)O)C(=O)N(C)[C@@H](Cc1ccccc1)C(N)=O,1
CCCC[C@H](NC(=O)CCc1ccc(OS(=O)(=O)O)cc1)C(=O)N[C@H](C)C(=O)N[C@@H](Cc1c[nH]c2ccccc12)C(=O)N[C@@H](CCCC)C(=O)N[C@@H](CC(=O)O)C(=O)N[C@@H](Cc1ccccc1)C(N)=O,1
CSCC[C@H](NC(=O)[C@H](Cc1ccc(OS(=O)(=O)O)cc1)NC(=O)[C@@H](N)CC(=O)O)C(=O)NCC(=O)N[C@@H](Cc1c[nH]c2ccccc12)C(=O)N[C@@H](CCSC)C(=O)N[C@@H](CC(=O)O)C(=O)N[C@@H](Cc1ccccc1)C(=O)O,1
CCCC[C@@H](C(=O)N[C@@H](CC(=O)O)C(=O)N[C@@H](Cc1ccccc1)C(N)=O)N(C)C(=O)[C@H](Cc1c[nH]c2ccccc12)NC(=O)CNC(=O)CNC(=O)[C@@H](N)Cc1ccc(O)cc1,1
CCCC[C@H](NC(=O)[C@H](Cc1c[nH]c2ccccc12)NC(=O)[C@H](CCCC)NC(=O)[C@H](CCCC)NC(=O)[C@H](Cc1ccc(OS(=O)(=O)O)cc1)NC(=O)[C@@H](CCC(=O)O)NC(=O)OC(C)(C)C)C(=O)N[C@@H](CC(=O)O)C(=O)N[C@@H](Cc1ccccc1)C(N)=O,1
CCCC[C@H](NC(=O)[C@H](Cc1ccc(OS(=O)(=O)O)cc1)NC(=O)OC(C)(C)C)C(=O)NCC(=O)N[C@@H](Cc1c[nH]c2ccccc12)C(=O)N[C@@H](CCCC)C(=O)N[C@@H](CC(=O)O)C(=O)NCCc1ccccc1,1
CCCC[C@H](NC(=O)[C@H](Cc1ccc(OS(=O)(=O)O)cc1)NC(=O)[C@H](CC(=O)O)NC(C)=O)C(=O)NCC(=O)N[C@@H](Cc1c[nH]c2ccccc12)C(=O)N(C)[C@@H](CCCC)C(=O)N[C@@H](CC(=O)O)C(=O)N[C@@H](Cc1ccccc1)C(N)=O,1
CSCC[C@H](NC(=O)[C@H](Cc1ccc(O)cc1)NC(=O)[C@@H](N)CC(=O)O)C(=O)NCC(=O)N[C@@H](Cc1c[nH]c2ccccc12)C(=O)N[C@@H](CCSC)C(=O)N[C@@H](CC(=O)O)C(=O)N[C@@H](Cc1ccccc1)C(N)=O,1
CCCC[C@H](NC(=O)[C@H](Cc1ccc(OS(=O)(=O)O)cc1)NC(=O)[C@H](CC(=O)O)NC(C)=O)C(=O)NCC(=O)N(C)[C@@H](Cc1c[nH]c2ccccc12)C(=O)N[C@@H](CCCC)C(=O)N[C@@H](CC(=O)O)C(=O)N[C@@H](Cc1ccccc1)C(N)=O,1
CCCC[C@H](NC(=O)[C@H](Cc1ccc(S(=O)(=O)O)cc1)NC(=O)OC(C)(C)C)C(=O)NCC(=O)N[C@@H](Cc1c[nH]c2ccccc12)C(=O)N[C@@H](CCCNC(=O)OC(C)(C)C)C(=O)N[C@@H](CC(=O)O)C(=O)N[C@@H](Cc1ccccc1)C(N)=O,1
CCCC[C@H](NC(=O)[C@H](Cc1ccc(OS(=O)(=O)O)cc1)NC(=O)CC[C@@H](NC(=O)OC(C)(C)C)C(=O)O)C(=O)N[C@@H](CCCCN)C(=O)N[C@@H](Cc1c[nH]c2ccccc12)C(=O)N[C@@H](CCCC)C(=O)N[C@@H](CC(=O)O)C(=O)N[C@@H](Cc1ccccc1)C(N)=O,1
CCCC[C@H](NC(=O)[C@H](Cc1c[nH]c2ccccc12)NC(=O)[C@H](CCCCN)NC(=O)[C@H](CCCC)NC(=O)[C@H](Cc1ccc(OS(=O)(=O)O)cc1)NC(=O)[C@@H](CCC(=O)O)NC(=O)OC(C)(C)C)C(=O)N[C@@H](CC(=O)O)C(=O)N[C@@H](Cc1ccccc1)C(N)=O,1
CCCC[C@H](NC(=O)[C@H](Cc1c[nH]c2ccccc12)NC(=O)[C@H](CCCCN)NC(=O)[C@H](CCCC)NC(=O)[C@H](Cc1ccc(OS(=O)(=O)O)cc1)NC(=O)[C@H](CCC(=O)O)NC(=O)OC(C)(C)C)C(=O)N[C@@H](CC(=O)O)C(=O)N[C@@H](Cc1ccccc1)C(N)=O,1
CCCC[C@H](NC(=O)CCc1ccc(OS(=O)(=O)O)cc1)C(=O)NCC(=O)N[C@@H](Cc1c[nH]c2ccccc12)C(=O)N[C@@H](CCCC)C(=O)N(C)[C@@H](CC(=O)O)C(=O)N[C@@H](Cc1ccccc1)C(N)=O,1
CCCC[C@@H](C(=O)N[C@@H](CC(=O)O)C(=O)N[C@@H](Cc1ccccc1)C(N)=O)N(C)C(=O)[C@H](Cc1c[nH]c2ccccc12)NC(=O)CC(=O)O,1
CCCC[C@@H](C(=O)N[C@@H](CC(=O)O)C(=O)N[C@@H](Cc1ccccc1)C(N)=O)N(C)C(=O)[C@H](Cc1c[nH]c2ccccc12)NC(=O)CS(=O)(=O)O,1
CCCC[C@@H](C(=O)N[C@@H](CC(=O)O)C(=O)N[C@@H](Cc1ccccc1)C(N)=O)N(C)C(=O)[C@H](Cc1c[nH]c2ccccc12)NC(=O)OC(C)(C)C,1
CCCCC(C(=O)NC(CC(=O)O)C(=O)NC(Cc1ccccc1)C(N)=O)N(C)C(=O)C(Cc1c[nH]c2ccccc12)NC(=O)OC(C)(C)C,1
CCCC[C@H](NC(=O)CNC(=O)[C@H](Cc1c[nH]c2ccccc12)NC(=O)[C@H](CCCC)NC(=O)[C@@H](N)CC(=O)O)C(=O)N[C@@H](Cc1ccc(S(=O)(=O)O)cc1)C(=O)N[C@@H](CC(=O)O)C(=O)O,1
CCCC[C@@H](C(=O)N[C@@H](CC(=O)O)C(=O)N[C@@H](Cc1ccccc1)C(N)=O)N(C)C(=O)[C@H](Cc1c[nH]c2ccccc12)NC(=O)C(C)C,1
CCCC[C@@H](C(=O)N[C@@H](CC(=O)O)C(=O)N[C@@H](Cc1ccccc1)C(N)=O)N(C)C(=O)[C@H](Cc1c[nH]c2ccccc12)NC(=O)COC,1
CCCC[C@@H](C(=O)N[C@@H](CC(=O)O)C(=O)N[C@@H](Cc1ccccc1)C(N)=O)N(C)C(=O)[C@H](Cc1c[nH]c2ccccc12)NC(=O)C[C@H](NC(=O)OC(C)(C)C)C(=O)O,1
CCCC[C@@H](C(=O)N[C@@H](CC(=O)O)C(=O)N[C@@H](Cc1ccccc1)C(N)=O)N(C)C(=O)[C@H](Cc1c[nH]c2ccccc12)NC(=O)CN,1
CCCC[C@@H](C(=O)N[C@@H](CC(=O)O)C(=O)N[C@@H](Cc1ccccc1)C(N)=O)N(C)C(=O)[C@H](Cc1c[nH]c2ccccc12)NC(=O)CC(=O)OC,1
CCCC[C@@H](C(=O)N[C@@H](CC(=O)O)C(=O)N[C@@H](Cc1ccccc1)C(N)=O)N(C)C(=O)[C@H](Cc1c[nH]c2ccccc12)NC(=O)CC(C)=O,1
CCCC[C@@H](C(=O)N[C@@H](CC(=O)O)C(=O)N[C@@H](Cc1ccccc1)C(N)=O)N(C)C(=O)[C@H](Cc1c[nH]c2ccccc12)NC(=O)C[C@@H](NC(=O)OC(C)(C)C)C(=O)O,1
CCCC[C@@H](C(=O)N[C@@H](CC(=O)O)C(=O)N[C@@H](Cc1ccccc1)C(N)=O)N(C)C(=O)[C@H](Cc1c[nH]c2ccccc12)NC(=O)[C@H](N)CC(=O)O,1
CCCC[C@H](NC(=O)[C@H](Cc1c[nH]c2ccccc12)NC(C)=O)C(=O)N[C@@H](CC(=O)O)C(=O)N[C@@H](Cc1ccccc1)C(N)=O,1
CCCC[C@@H](C(=O)N[C@@H](CC(=O)O)C(=O)N[C@@H](Cc1ccccc1)C(N)=O)N(C)C(=O)[C@H](Cc1c[nH]c2ccccc12)NC(=O)[C@@H](CC(=O)O)NC(=O)OC(C)(C)C,1
CCCC[C@@H](C(=O)N[C@@H](CC(=O)O)C(=O)N[C@@H](Cc1ccccc1)C(N)=O)N(C)C(=O)[C@H](Cc1c[nH]c2ccccc12)NC(=O)[C@H](CC(=O)O)NC(=O)OC(C)(C)C,1
CCCC[C@@H](C(=O)N[C@@H](CC(=O)O)C(=O)N[C@@H](Cc1ccccc1)C(N)=O)N(C)C(=O)[C@H](Cc1c[nH]c2ccccc12)NC(=O)[C@@H](N)CC(=O)O,1
CSCC[C@H](NC(=O)[C@H](Cc1c[nH]c2ccccc12)NC(=O)CCNC(=O)OC(C)(C)C)C(=O)N[C@@H](CC(=O)O)C(=O)N[C@@H](Cc1ccccc1)C(N)=O,1
C#CCCC(=O)NCCCC[C@H](NC(C)=O)C(=O)N[C@@H](Cc1c[nH]c2ccccc12)C(=O)N(C)[C@@H](CCCC)C(=O)N[C@@H](CC(=O)O)C(=O)N[C@@H](Cc1ccccc1)C(N)=O,1
CSCC[C@H](NC(=O)[C@@H](N)Cc1c[nH]c2ccccc12)C(=O)N[C@@H](CC(=O)O)C(=O)N[C@@H](Cc1ccccc1)C(N)=O,1
CCCC[C@@H](C(=O)N[C@@H](CC(=O)O)C(=O)N[C@@H](Cc1ccccc1)C(N)=O)N(C)C(=O)[C@H](Cc1c[nH]c2ccccc12)NC(=O)OC,1
CSCCC(NC(=O)C(Cc1c[nH]c2ccccc12)NC(=O)OC(C)(C)C)C(=O)NC(CC(=O)O)C(=O)NC(Cc1ccccc1)C(N)=O,1
CSCCC(NC(=O)C(N)Cc1c[nH]c2ccccc12)C(=O)NC(CC(=O)O)C(=O)NC(Cc1ccccc1)C(N)=O,1
CSCC[C@H](NC(=O)[C@H](Cc1c[nH]c2ccccc12)NC(=O)OC(C)(C)C)C(=O)N[C@@H](CC(=O)O)C(=O)N[C@@H](Cc1ccccc1)C(N)=O,1
CCCC[C@H](NC(=O)[C@H](Cc1c[nH]c2ccccc12)NC(=O)OC(C)(C)C)C(=O)N[C@@H](CC(=O)O)C(=O)N[C@@H](Cc1ccccc1)C(N)=O,1
CCCC[C@@H](C(=O)N[C@@H](CC(=O)O)C(=O)N[C@@H](Cc1ccccc1)C(N)=O)N(C)C(=O)[C@H](Cc1c[nH]c2ccccc12)NC(=O)CCN,1
CCCC[C@H](NC(=O)[C@H](Cc1c[nH]c2ccccc12)NC(=O)CN)C(=O)N[C@@H](CC(=O)O)C(=O)N[C@@H](Cc1ccccc1)C(N)=O,1
CCCC[C@@H](C(=O)N[C@@H](CC(=O)O)C(=O)N[C@@H](Cc1ccccc1)C(N)=O)N(C)C(=O)[C@H](Cc1c[nH]c2ccccc12)NC(C)=O,1
CC(C)C[C@H](NC(=O)[C@H](Cc1c[nH]c2ccccc12)NC(=O)OC(C)(C)C)C(=O)N[C@@H](CC(=O)O)C(=O)N[C@@H](Cc1ccccc1)C(N)=O,1
CCCC[C@@H](C(=O)N[C@@H](CC(=O)O)C(=O)N[C@@H](Cc1ccccc1)C(N)=O)N(C)C(=O)[C@H](Cc1c[nH]c2ccccc12)NC(=O)/C=C\C(=O)O,1
CCCC[C@@H](C(=O)N[C@@H](CC(=O)O)C(=O)N[C@@H](Cc1ccccc1)C(N)=O)N(C)C(=O)[C@H](Cc1c[nH]c2ccccc12)NC(=O)CCCCCC(=O)O,1
Cc1ccc2c(c1)N(CC(=O)NC(C)(C)C)C(=O)[C@H](NC(=O)Nc1cccc(Cl)c1)C[C@@H]2c1ccccc1,1
Cc1ccc2c(c1)N(CC(=O)NC(C)(C)C)C(=O)[C@H](NC(=O)Nc1cccc(C(=O)NS(C)(=O)=O)c1)C[C@@H]2c1ccccc1,1
CCS(=O)(=O)NC(=O)c1cccc(NC(=O)N[C@@H]2C[C@H](c3ccccc3)c3ccc(C)cc3N(CC(=O)NC(C)(C)C)C2=O)c1,1
COC(=O)c1cccc(NC(=O)N[C@@H]2C[C@H](c3ccccc3)c3ccc(C)cc3N(CC(=O)NC(C)(C)C)C2=O)c1,1
CN(C(=O)CN1C(=O)[C@H](NC(=O)Nc2cccc(Cl)c2)C[C@H](c2ccccc2)c2ccccc21)C(C)(C)C,1
CCc1ccc2c(c1)N(CC(=O)NC(C)(C)C)C(=O)[C@H](NC(=O)Nc1cccc(Cl)c1)C[C@@H]2c1ccccc1,1
Cc1ccc2c(c1)N(CC(=O)OC(C)(C)C)C(=O)[C@H](NC(=O)Nc1cccc(Cl)c1)C[C@@H]2c1ccccc1,1
Cc1cccc2c1N(CC(=O)NC(C)(C)C)C(=O)[C@H](NC(=O)Nc1cccc(Cl)c1)C[C@@H]2c1ccccc1,1
Cc1cccc(NC(=O)N[C@@H]2C[C@H](c3ccccc3)c3ccccc3N(CC(=O)OC(C)(C)C)C2=O)c1,1
Cc1ccc2c(c1)N(CC(=O)NC(C)(C)C)C(=O)[C@H](NC(=O)Nc1cccc(C(=O)O)c1)C[C@@H]2c1ccccc1,1
CC(C)(C)NC(=O)CN1C(=O)[C@H](NC(=O)Nc2cccc(Cl)c2)C[C@H](c2cccc(Cl)c2)c2ccccc21,1
CC(C)(C)NC(=O)CN1C(=O)[C@H](NC(=O)Nc2cccc(Cl)c2)C[C@H](c2ccccc2)c2ccccc21,1
Cc1ccc2c(c1)N(CC(=O)NC(C)(C)C)C(=O)[C@H](NC(=O)Nc1cccc(C(=O)NS(=O)(=O)C(F)(F)F)c1)C[C@@H]2c1ccccc1,1
CC(C)(C)NC(=O)CN1C(=O)[C@H](NC(=O)Nc2cccc(Cl)c2)C[C@H](c2ccccc2)c2ccc(Cl)cc21,1
CCC(C)(C)NC(=O)CN1C(=O)[C@H](NC(=O)Nc2cccc(Cl)c2)C[C@H](c2ccccc2)c2ccccc21,1
Cc1ccc([C@H]2C[C@@H](NC(=O)Nc3cccc(Cl)c3)C(=O)N(CC(=O)NC(C)(C)C)c3cc(C)ccc32)cc1,1
Cc1cccc(NC(=O)N[C@@H]2C[C@H](c3ccccc3)c3ccccc3N(CC(=O)NC(C)(C)C)C2=O)c1,1
CC(C)(C)NC(=O)CN1C(=O)[C@H](NC(=O)Nc2cccc(Cl)c2)C[C@H](c2ccccc2)c2cc(Cl)ccc21,1
COc1cccc(NC(=O)N[C@@H]2C[C@H](c3ccccc3)c3ccccc3N(CC(=O)NC(C)(C)C)C2=O)c1,1
Cc1ccc2c(c1)[C@@H](c1ccccc1)C[C@@H](NC(=O)Nc1cccc(Cl)c1)C(=O)N2CC(=O)NC(C)(C)C,1
Cc1ccc(NC(=O)N[C@@H]2C[C@H](c3ccccc3)c3ccccc3N(CC(=O)NC(C)(C)C)C2=O)cc1,1
Cc1ccc2c(c1)N(CC(=O)NC(C)(C)C)C(=O)[C@@H](NC(=O)Nc1cccc(Cl)c1)C[C@H]2c1ccccc1,1
CC(C)(C)NC(=O)CN1C(=O)[C@H](NC(=O)Nc2ccc(Cl)cc2)C[C@H](c2ccccc2)c2ccccc21,1
Cc1ccccc1NC(=O)N[C@@H]1C[C@H](c2ccccc2)c2ccccc2N(CC(=O)NC(C)(C)C)C1=O,1
O=C(N[C@@H](Cc1ccc(F)c(Br)c1)C(=O)O)c1ccc(I)cc1NS(=O)(=O)c1cccc2nsnc12,1
O=C(N[C@@H](Cc1ccc(F)c(Br)c1)C(=O)O)c1ccc(Br)cc1NS(=O)(=O)c1cccc2nsnc12,1
O=C(N[C@@H](Cc1ccc(F)c(Br)c1)C(=O)O)c1cc(Cl)c(Cl)cc1NS(=O)(=O)c1cccc2nsnc12,1
O=C(N[C@@H](Cc1ccc(F)c(Br)c1)C(=O)O)c1ccc(Cl)cc1NS(=O)(=O)c1cccc2nsnc12,1
O=C(N[C@@H](Cc1ccc(Cl)c(Br)c1)C(=O)O)c1ccc(Br)cc1NS(=O)(=O)c1cccc2nsnc12,1
O=C(N[C@@H](Cc1ccc(Cl)c(Cl)c1)C(=O)O)c1ccc(Cl)cc1NS(=O)(=O)c1cccc2nsnc12,1
O=C(N[C@@H](Cc1ccc(Cl)c(Cl)c1)C(=O)O)c1ccc(I)cc1NS(=O)(=O)c1cccc2nsnc12,1
O=C(N[C@@H](Cc1ccc(Cl)c(Br)c1)C(=O)O)c1ccc(Cl)cc1NS(=O)(=O)c1cccc2nsnc12,1
O=C(N[C@@H](Cc1ccc(Cl)cc1)C(=O)O)c1ccc(Cl)cc1NS(=O)(=O)c1cccc2nsnc12,1
O=C(N[C@@H](Cc1ccccc1)C(=O)O)c1ccc(Cl)cc1NS(=O)(=O)c1cccc2nsnc12,1
C[C@H](c1ccc(Cl)c(Cl)c1)[C@H](NC(=O)c1ccc(Cl)cc1NS(=O)(=O)c1cccc2nsnc12)C(=O)O,1
O=C(N[C@H](Cc1ccccc1)C(=O)O)c1ccc(Cl)cc1NS(=O)(=O)c1cccc2nsnc12,1
CN(CCc1ccccc1)C(=O)c1ccc(Cl)cc1NS(=O)(=O)c1cccc2nsnc12,1
CC(CNC(=O)c1ccc(Cl)cc1NS(=O)(=O)c1cccc2nsnc12)c1ccc(Cl)cc1,1
O=C(N[C@H](Cc1ccc(Cl)c(Cl)c1)C(=O)O)c1ccc(Cl)cc1NS(=O)(=O)c1cccc2nsnc12,1
CC(CNC(=O)c1ccc(Cl)cc1NS(=O)(=O)c1cccc2nsnc12)c1ccc(Cl)c(Cl)c1,1
C[C@H](CNC(=O)c1ccc(Br)cc1NS(=O)(=O)c1cccc2nsnc12)c1ccccc1,1
C[C@@H](CNC(=O)c1ccc(Br)cc1NS(=O)(=O)c1cccc2nsnc12)c1ccccc1,1
O=C(N[C@H](Cc1ccc(Cl)cc1)C(=O)O)c1ccc(Cl)cc1NS(=O)(=O)c1cccc2nsnc12,1
CC(CNC(=O)c1ccc(Br)cc1NS(=O)(=O)c1cccc2nsnc12)c1ccccc1,1
O=C(NCCc1ccccc1)c1ccc(Br)cc1NS(=O)(=O)c1cccc2nsnc12,1
CC(C)(C)C(=O)CN1C(=O)N(CC(=O)Nc2cccc(SCC(=O)O)c2)N=C(C2CCCCC2)c2ccccc21,1
CN(CC(=O)O)c1cccc(NC(=O)CN2N=C(C3CCCCC3)c3ccccc3N(CC(=O)C(C)(C)C)C2=O)c1,1
CC(C)(C)C(=O)CN1C(=O)N(CC(=O)Nc2cccc(CCC(=O)O)c2)N=C(C2CCCCC2)c2ccccc21,1
CC(C)(C)C(=O)CN1C(=O)N(CC(=O)Nc2cccc(CC(=O)O)c2)N=C(C2CCCCC2)c2ccccc21,1
CC(C)(C)C(=O)CN1C(=O)N(CC(=O)Nc2cccc(C(=O)NS(C)(=O)=O)c2)N=C(C2CCCCC2)c2ccccc21,1
CC(C)(C)C(=O)CN1C(=O)N(CC(=O)Nc2cccc(S(=O)(=O)CC(=O)O)c2)N=C(C2CCCCC2)c2ccccc21,1
COc1cccc(NC(=O)CN2N=C(C3CCCCC3)c3ccccc3N(CC(=O)C(C)(C)C)C2=O)c1,1
CC(C)(C)C(=O)CN1C(=O)N(CC(=O)Nc2cccc(OCC(=O)O)c2)N=C(C2CCCCC2)c2ccccc21,1
CN(C)c1cccc(NC(=O)CN2N=C(C3CCCCC3)c3ccccc3N(CC(=O)C(C)(C)C)C2=O)c1,1
CC(C)(C)C(=O)CN1C(=O)N(CC(=O)Nc2cccc(NCC(=O)O)c2)N=C(C2CCCCC2)c2ccccc21,1
CNc1cccc(NC(=O)CN2N=C(C3CCCCC3)c3ccccc3N(CC(=O)C(C)(C)C)C2=O)c1,1
Cc1cccc(NC(=O)CN2N=C(C3CCCCC3)c3ccccc3N(CC(=O)C(C)(C)C)C2=O)c1,1
CC(C)(C)C(=O)CN1C(=O)N(CC(=O)Nc2cccc(O)c2)N=C(C2CCCCC2)c2ccccc21,1
CC(C)(C)C(=O)CN1C(=O)N(CC(=O)Nc2cccc(CO)c2)N=C(C2CCCCC2)c2ccccc21,1
CC(C)CCN1C(=O)N(CC(=O)Nc2cccc(C(=O)O)c2)N=C(C2CCCCC2)c2ccccc21,1
CC(C)(C)C(=O)CN1C(=O)N(CC(=O)Nc2cccc(N)c2)N=C(C2CCCCC2)c2ccccc21,1
CNCCN(C)c1cccc(NC(=O)CN2N=C(C3CCCCC3)c3ccccc3N(CC(=O)C(C)(C)C)C2=O)c1,1
CCOCCNc1cccc(NC(=O)CN2N=C(C3CCCCC3)c3ccccc3N(CC(=O)C(C)(C)C)C2=O)c1,1
CC(=O)CN1C(=O)N(CC(=O)Nc2cccc(C(=O)O)c2)N=C(C2CCCCC2)c2ccccc21,1
CCOCCN1C(=O)N(CC(=O)Nc2cccc(C(=O)O)c2)N=C(C2CCCCC2)c2ccccc21,1
O=C(c1ccc(I)cc1NS(=O)(=O)c1cccc2nsnc12)N1CCCCC1,1
O=C(c1cc(Br)c(Br)cc1NS(=O)(=O)c1cccc2nsnc12)N1CCCCC1,1
O=C(c1cc(Cl)c(Cl)cc1NS(=O)(=O)c1cccc2nsnc12)N1CCCCC1,1
O=C(c1ccc(Br)cc1NS(=O)(=O)c1cccc2nsnc12)N1CCCCC1,1
CC1CCCCN1C(=O)c1ccc(Cl)cc1NS(=O)(=O)c1cccc2nsnc12,1
O=C(c1ccc(Br)cc1NS(=O)(=O)c1c(F)ccc2nsnc12)N1CCCCC1,1
O=C(c1ccc(C(F)(F)F)cc1NS(=O)(=O)c1cccc2nsnc12)N1CCCCC1,1
Cc1ccc(S(=O)(=O)Nc2cc(Br)ccc2C(=O)N2CCCCC2)c2nsnc12,1
Cc1ccc2nsnc2c1S(=O)(=O)Nc1cc(Br)ccc1C(=O)N1CCCCC1,1
O=C(c1ccc(CS)cc1NS(=O)(=O)c1cccc2nsnc12)N1CCCCC1,1
O=C(c1ccc([N+](=O)[O-])cc1NS(=O)(=O)c1cccc2nsnc12)N1CCCCC1,1
O=C(c1ccc(Br)cc1NS(=O)(=O)c1ccc(Br)c2nsnc12)N1CCCCC1,1
CCc1ccc(C(=O)N2CCCCC2)c(NS(=O)(=O)c2cccc3nsnc23)c1,1
CN(C)c1ccc(C(=O)N2CCCCC2)c(NS(=O)(=O)c2cccc3nsnc23)c1,1
CC(C)c1ccc(C(=O)N2CCCCC2)c(NS(=O)(=O)c2cccc3nsnc23)c1,1
O=C(c1cc(Cl)ccc1NS(=O)(=O)c1cccc2nsnc12)N1CCCCC1,1
COc1cc(C(=O)N2CCCCC2)c(NS(=O)(=O)c2cccc3nsnc23)cc1Cl,1
COc1ccc(C(=O)N2CCCCC2)c(NS(=O)(=O)c2cccc3nsnc23)c1,1
O=C(c1cc(Br)ccc1NS(=O)(=O)c1cccc2nsnc12)N1CCCCC1,1
Cc1ccccc1[C@@H]1C[C@H](c2ccccc2)N(CC(=O)NC(C)(C)C)C(=O)[C@H](NC(=O)Nc2cccc([N+](=O)[O-])c2)C1,1
Cc1cccc(NC(=O)N[C@@H]2C[C@H](c3ccccc3)C[C@H](c3ccccc3)N(CC(=O)NC(C)(C)C)C2=O)c1,1
CCc1ccccc1[C@@H]1C[C@H](c2ccccc2)N(CC(=O)NC(C)(C)C)C(=O)[C@H](NC(=O)Nc2cccc(C)c2)C1,1
Cc1ccccc1[C@@H]1C[C@H](c2ccccc2)N(CC(=O)NC(C)(C)C)C(=O)[C@H](NC(=O)Nc2cccc(C(F)(F)F)c2)C1,1
COc1ccccc1[C@@H]1C[C@H](c2ccccc2)N(CC(=O)NC(C)(C)C)C(=O)[C@H](NC(=O)Nc2cccc(C)c2)C1,1
Cc1cccc(NC(=O)N[C@@H]2C[C@H](c3ccccc3)C[C@H](c3cccc(F)c3)N(CC(=O)NC(C)(C)C)C2=O)c1,1
Cc1ccccc1[C@@H]1C[C@H](c2ccccc2)N(CC(=O)NC(C)(C)C)C(=O)[C@H](NC(=O)Nc2cccc(F)c2)C1,1
Cc1cccc(NC(=O)N[C@@H]2C[C@H](c3ccc(F)cc3)C[C@H](c3ccccc3)N(CC(=O)NC(C)(C)C)C2=O)c1,1
Cc1cccc(NC(=O)N[C@@H]2C[C@H](c3cccc(C)c3)C[C@H](c3ccccc3)N(CC(=O)NC(C)(C)C)C2=O)c1,1
Cc1cccc(NC(=O)N[C@@H]2C[C@H](c3ccccc3C)C[C@H](c3ccccc3)N(CC(=O)NC(C)C)C2=O)c1,1
COc1ccc(NC(=O)N[C@@H]2C[C@H](c3ccccc3C)C[C@H](c3ccccc3)N(CC(=O)NC(C)(C)C)C2=O)cc1,1
Cc1ccccc1[C@@H]1C[C@H](c2ccccc2)N(CC(=O)NC(C)(C)C)C(=O)[C@H](NC(=O)Nc2ccc(Cl)cc2)C1,1
Cc1cccc(NC(=O)N[C@@H]2C[C@H](c3ccccc3)C[C@H](c3cccc(C)c3)N(CC(=O)NC(C)(C)C)C2=O)c1,1
Cc1ccc([C@@H]2C[C@H](c3ccccc3)N(CC(=O)NC(C)(C)C)C(=O)[C@H](NC(=O)Nc3cccc(C)c3)C2)cc1,1
Cc1cccc(NC(=O)N[C@@H]2C[C@H](c3ccccc3)C[C@H](c3ccc(F)cc3)N(CC(=O)NC(C)(C)C)C2=O)c1,1
Cc1cccc(NC(=O)N[C@H]2C[C@H](c3ccccc3)C[C@H](c3ccccc3)N(CC(=O)NC(C)(C)C)C2=O)c1,1
Cc1cccc(NC(=O)N[C@@H]2C[C@H](c3ccccc3C)C[C@H](c3ccccc3)N(CC(=O)NC(C(C)(C)C)C(C)(C)C)C2=O)c1,1
Cc1cccc(NC(=O)N[C@@H]2C[C@H](c3ccccc3C)C[C@H](c3ccccc3)N(CC(=O)NC(C)(C)C)C2=O)c1,1
Cc1ccc([C@H]2C[C@@H](c3ccccc3)C[C@@H](NC(=O)Nc3cccc(C)c3)C(=O)N2CC(=O)NC(C)(C)C)cc1,1
CN(C)c1cccc(NC(=O)NC2C(=O)N(CCC(C)(C)C)c3ccccc3N(c3ccccc3)C2=O)c1,1
CSc1cccc(NC(=O)NC2C(=O)N(CCC(C)C)c3ccccc3N(c3ccccc3F)C2=O)c1,1
CSc1cccc(NC(=O)NC2C(=O)N(CCC(C)(C)C)c3ccccc3N(c3ccccc3)C2=O)c1,1
CN(C)c1cccc(NC(=O)NC2C(=O)N(CCC(C)(C)C)c3ccccc3N(c3ccccc3F)C2=O)c1,1
CC(C)(C)CCN1C(=O)C(NC(=O)Nc2cccc(C#N)c2)C(=O)N(c2ccccc2)c2ccccc21,1
CC(C)(C)CCN1C(=O)C(NC(=O)Nc2ccccc2)C(=O)N(c2ccccc2)c2ccccc21,1
CSc1cccc(NC(=O)NC2C(=O)N(CCC(C)(C)C)c3ccccc3N(c3ccccc3F)C2=O)c1,1
CC(C)(C)CCN1C(=O)C(NC(=O)Nc2ccccc2)C(=O)N(c2ccccc2F)c2ccccc21,1
CC(C)C(C)CN1C(=O)C(NC(=O)Nc2ccccc2)C(=O)N(c2ccccc2)c2ccccc21,1
CC(C)CCN1C(=O)C(NC(=O)Nc2cccc(N(C)C)c2)C(=O)N(c2ccccc2F)c2ccccc21,1
CC(C)CC(C)N1C(=O)C(NC(=O)Nc2ccccc2)C(=O)N(c2ccccc2)c2ccccc21,1
CC(C)(C)CCN1C(=O)C(NC(=O)Nc2cccc(OC(F)(F)F)c2)C(=O)N(c2ccccc2)c2ccccc21,1
CCCCN1C(=O)C(NC(=O)Nc2ccccc2)C(=O)N(c2ccccc2)c2ccccc21,1
CC(C)CCN1C(=O)C(NC(=O)Nc2ccccc2)C(=O)N(c2ccccc2F)c2ccccc21,1
CC(C)CCN1C(=O)C(NC(=O)Nc2ccccc2)C(=O)N(c2ccccc2)c2cc(F)ccc21,1
CC(C)CCN1C(=O)C(NC(=O)Nc2ccccc2)C(=O)N(c2ccccc2)c2ccccc21,1
CC(C)CCN1C(=O)C(NC(=O)Nc2ccccc2)C(=O)N(c2ccccc2)c2cc(Cl)ccc21,1
CC(C)CCN1C(=O)C(NC(=O)Nc2ccccc2)C(=O)N(c2ccccc2)c2ccc(Cl)cc21,1
CC(=O)c1ccc(NC(=O)NCCCC[C@H](NC(=O)C(Cc2c[nH]c3ccccc23)NC(=O)OC(C)(C)C)C(=O)NC(CC(=O)O)C(=O)NC(Cc2ccccc2)C(N)=O)cc1,1
CC(=O)c1ccc(NC(=O)NCCCC[C@H](NC(=O)[C@H](Cc2c[nH]c3ccccc23)NC(=O)OC(C)(C)C)C(=O)N[C@@H](CC(=O)O)C(=O)N[C@@H](Cc2ccccc2)C(N)=O)cc1,1
CC(C)(C)OC(=O)NC(Cc1c[nH]c2ccccc12)C(=O)N[C@@H](CCCCNC(=O)Nc1ccc([N+](=O)[O-])cc1)C(=O)NC(CC(=O)O)C(=O)NC(Cc1ccccc1)C(N)=O,1
CC(C)(C)OC(=O)N[C@@H](Cc1c[nH]c2ccccc12)C(=O)N[C@@H](CCCCNC(=O)Nc1ccc([N+](=O)[O-])cc1)C(=O)N[C@@H](CC(=O)O)C(=O)N[C@@H](Cc1ccccc1)C(N)=O,1
Cc1ccccc1NC(=O)NCCCC[C@H](NC(=O)[C@H](Cc1c[nH]c2ccccc12)NC(=O)C(F)(F)F)C(=O)N[C@@H](CC(=O)O)C(=O)N(C)[C@@H](Cc1ccccc1)C(N)=O,1
COC(=O)c1ccc(NC(=O)NCCCC[C@H](NC(=O)C(Cc2c[nH]c3ccccc23)NC(=O)OC(C)(C)C)C(=O)NC(CC(=O)O)C(=O)NC(Cc2ccccc2)C(N)=O)cc1,1
COC(=O)c1ccc(NC(=O)NCCCC[C@H](NC(=O)[C@H](Cc2c[nH]c3ccccc23)NC(=O)OC(C)(C)C)C(=O)N[C@@H](CC(=O)O)C(=O)N[C@@H](Cc2ccccc2)C(N)=O)cc1,1
Cc1ccccc1NC(=O)NCCCC[C@H](NC(=O)[C@H](Cc1c[nH]c2ccccc12)NC(=O)OC(C)(C)C)C(=O)N(C)[C@@H](CC(=O)O)C(=O)N(C)[C@@H](Cc1ccccc1)C(N)=O,1
COc1ccc(NC(=O)NCCCC[C@H](NC(=O)C(Cc2c[nH]c3ccccc23)NC(=O)OC(C)(C)C)C(=O)NC(CC(=O)O)C(=O)NC(Cc2ccccc2)C(N)=O)cc1,1
COc1ccc(NC(=O)NCCCC[C@H](NC(=O)[C@H](Cc2c[nH]c3ccccc23)NC(=O)OC(C)(C)C)C(=O)N[C@@H](CC(=O)O)C(=O)N[C@@H](Cc2ccccc2)C(N)=O)cc1,1
CC(C)(C)OC(=O)N[C@@H](Cc1c[nH]c2ccccc12)C(=O)N[C@@H](CCCCNC(=O)Nc1ccc(Cl)cc1)C(=O)N[C@@H](CC(=O)O)C(=O)N[C@@H](Cc1ccccc1)C(N)=O,1
Cc1ccccc1NC(=O)N(C)CCCC[C@H](NC(=O)[C@H](Cc1c[nH]c2ccccc12)NC(=O)OC(C)(C)C)C(=O)N[C@@H](CC(=O)O)C(=O)N[C@@H](Cc1ccccc1)C(N)=O,1
CC(C)(C)OC(=O)N[C@@H](Cc1c[nH]c2ccccc12)C(=O)N[C@@H](CCCCNC(=O)Nc1ccccc1[N+](=O)[O-])C(=O)N[C@@H](CC(=O)O)C(=O)N[C@@H](Cc1ccccc1)C(N)=O,1
CC(C)(C)OC(=O)N[C@@H](Cc1c[nH]c2ccccc12)C(=O)N[C@@H](CCCCNC(=O)Nc1ccc(C(F)(F)F)cc1)C(=O)N[C@@H](CC(=O)O)C(=O)N[C@@H](Cc1ccccc1)C(N)=O,1
CC(C)(C)OC(=O)NC(Cc1c[nH]c2ccccc12)C(=O)N[C@@H](CCCCNC(=O)Nc1ccccc1[N+](=O)[O-])C(=O)NC(CC(=O)O)C(=O)NC(Cc1ccccc1)C(N)=O,1
CCCS[C@@H]1CCN(C(=O)[C@H](Cc2c[nH]c3ccccc23)NC(C)=O)[C@H]1C(=O)N[C@@H](CC(=O)O)C(=O)N[C@@H](Cc1ccccc1)C(N)=O,1
CCS[C@@H]1CCN(C(=O)[C@H](Cc2c[nH]c3ccccc23)NC(C)=O)[C@H]1C(=O)N[C@@H](CC(=O)O)C(=O)N[C@@H](Cc1ccccc1)C(N)=O,1
CCC[C@@H]1CCN(C(=O)[C@H](Cc2c[nH]c3ccccc23)NC(=O)OC(C)(C)C)[C@@H]1C(=O)N[C@@H](CC(=O)O)C(=O)N[C@@H](Cc1ccccc1)C(N)=O,1
CCCC1C[C@@H](C(=O)N[C@@H](CC(=O)O)C(=O)N[C@@H](Cc2ccccc2)C(N)=O)N(C(=O)[C@H](Cc2c[nH]c3ccccc23)NC(=O)CN)C1,1
CCCS[C@H]1CCN(C(=O)[C@H](Cc2c[nH]c3ccccc23)NC(C)=O)[C@H]1C(=O)N[C@@H](CC(=O)O)C(=O)N[C@@H](Cc1ccccc1)C(N)=O,1
CCS[C@H]1CCN(C(=O)[C@H](Cc2c[nH]c3ccccc23)NC(C)=O)[C@H]1C(=O)N[C@@H](CC(=O)O)C(=O)N[C@@H](Cc1ccccc1)C(N)=O,1
CS[C@H]1C[C@@H](C(=O)N[C@@H](CC(=O)O)C(=O)N[C@@H](Cc2ccccc2)C(N)=O)N(C(=O)[C@H](Cc2c[nH]c3ccccc23)NC(C)=O)C1,1
CS[C@@H]1CCN(C(=O)[C@H](Cc2c[nH]c3ccccc23)NC(C)=O)[C@H]1C(=O)N[C@@H](CC(=O)O)C(=O)N[C@@H](Cc1ccccc1)C(N)=O,1
CS[C@H]1C[C@H](C(=O)N[C@@H](CC(=O)O)C(=O)N[C@@H](Cc2ccccc2)C(N)=O)N(C(=O)[C@H](Cc2c[nH]c3ccccc23)NC(C)=O)C1,1
CCCS[C@@H]1CCN(C(=O)[C@H](Cc2c[nH]c3ccccc23)NC(C)=O)[C@@H]1C(=O)N[C@@H](CC(=O)O)C(=O)N[C@@H](Cc1ccccc1)C(N)=O,1
CS[C@H]1CCN(C(=O)[C@H](Cc2c[nH]c3ccccc23)NC(C)=O)[C@H]1C(=O)N[C@@H](CC(=O)O)C(=O)N[C@@H](Cc1ccccc1)C(N)=O,1
CCCS[C@H]1CCN(C(=O)[C@H](Cc2c[nH]c3ccccc23)NC(C)=O)[C@@H]1C(=O)N[C@@H](CC(=O)O)C(=O)N[C@@H](Cc1ccccc1)C(N)=O,1
CC(=O)N[C@@H](Cc1c[nH]c2ccccc12)C(=O)N1CCC[C@H]1C(=O)N[C@@H](CC(=O)O)C(=O)N[C@@H](Cc1ccccc1)C(N)=O,1
CC(C)(C)OC(=O)N[C@@H](Cc1c[nH]c2ccccc12)C(=O)N1CCC[C@H]1C(=O)N[C@@H](CC(=O)O)C(=O)N[C@@H](Cc1ccccc1)C(N)=O,1
CCS[C@@H]1CCN(C(=O)[C@H](Cc2c[nH]c3ccccc23)NC(C)=O)[C@@H]1C(=O)N[C@@H](CC(=O)O)C(=O)N[C@@H](Cc1ccccc1)C(N)=O,1
O=C(O)C[C@@H](Cc1ccccc1)NC(=O)CCC(NC(=O)c1cc(Cl)cc(Cl)c1)C(=O)N1CCC2(CCCC2)CC1,1
O=C(CCC(NC(=O)c1cc(Cl)cc(Cl)c1)C(=O)N1CCC2(CCCC2)CC1)N[C@H](Cc1ccccc1)C(=O)O,1
O=C(CCC(NC(=O)c1cc(Cl)cc(Cl)c1)C(=O)N1CCC2(CCCC2)CC1)NC(Cc1ccccc1)C(=O)O,1
CN(C(=O)CCC(NC(=O)c1cc(Cl)cc(Cl)c1)C(=O)N1CCC2(CCCC2)CC1)C(Cc1ccccc1)C(=O)O,1
CC(Cc1ccccc1)(NC(=O)CCC(NC(=O)c1cc(Cl)cc(Cl)c1)C(=O)N1CCC2(CCCC2)CC1)C(=O)O,1
CN(C(=O)CCC(NC(=O)c1cc(Cl)cc(Cl)c1)C(=O)N1CCC2(CCCC2)CC1)[C@H](Cc1ccccc1)C(=O)O,1
O=C(O)CCC(Cc1ccccc1)NC(=O)CCC(NC(=O)c1cc(Cl)cc(Cl)c1)C(=O)N1CCC2(CCCC2)CC1,1
O=C(O)C[C@H](Cc1ccccc1)NC(=O)CCC(NC(=O)c1cc(Cl)cc(Cl)c1)C(=O)N1CCC2(CCCC2)CC1,1
O=C(CCC(NC(=O)c1cc(Cl)cc(Cl)c1)C(=O)N1CCC2(CCCC2)CC1)N[C@@H](Cc1ccccc1)C(=O)O,1
O=C(CCC(NC(=O)c1cc(Cl)cc(Cl)c1)C(=O)N1CCC2(CCCC2)CC1)NC(Cc1ccc(O)cc1)C(=O)O,1
O=C(CCC(NC(=O)c1cc(Cl)cc(Cl)c1)C(=O)N1CCC2(CCCC2)CC1)NC(Cc1ccc(Cl)cc1)C(=O)O,1
COc1ccc(N(C(=O)CN2C(=O)C(C)(Cc3[nH]nc4ccccc34)C(=O)N(c3ccccc3)c3ccccc32)C(C)C)cc1,1
COc1ccc(N(C(=O)CN2C(=O)C(Cc3[nH]nc4ccccc34)(OC)C(=O)N(c3ccccc3)c3ccccc32)C(C)C)cc1,1
COc1ccc(N(C(=O)CN2C(=O)C(Cc3[nH]nc4cccc(F)c34)C(=O)N(c3ccccc3)c3ccccc32)C(C)C)cc1,1
COc1ccc(N(C(=O)CN2C(=O)C(Cc3[nH]nc4c(F)cccc34)C(=O)N(c3ccccc3)c3ccccc32)C(C)C)cc1,1
COc1ccc(N(C(=O)CN2C(=O)C(Cc3[nH]nc4cc(F)ccc34)C(=O)N(c3ccccc3)c3ccccc32)C(C)C)cc1,1
COc1ccc(N(C(=O)CN2C(=O)C(Cc3[nH]nc4ccc(F)cc34)C(=O)N(c3ccccc3)c3ccccc32)C(C)C)cc1,1
COc1ccccc1N(C(=O)CN1C(=O)C(Cc2[nH]nc3ccccc23)C(=O)N(c2ccccc2)c2ccccc21)C(C)C,1
CC(C)N(C(=O)CN1C(=O)C(Cc2[nH]nc3ccccc23)C(=O)N(c2ccccc2)c2ccccc21)c1ccc(F)cc1,1
CC(C)N(C(=O)CN1C(=O)C(Cc2[nH]nc3ccccc23)C(=O)N(c2ccccc2)c2ccccc21)c1ccccc1,1
COc1cccc(N(C(=O)CN2C(=O)C(Cc3[nH]nc4ccccc34)C(=O)N(c3ccccc3)c3ccccc32)C(C)C)c1,1
CC(C)(C)N(C(=O)CN1C(=O)C(Cc2[nH]nc3ccccc23)C(=O)N(c2ccccc2)c2ccccc21)c1ccccc1,1
CC(C)N(C(=O)CN1C(=O)[C@H](NC(=O)Nc2cccc(C(=O)O)c2)C(=O)N(c2ccccc2)c2ccccc21)c1ccccc1,1
CC(C)N(C(=O)CN1C(=O)C(NC(=O)Nc2cccc(C(=O)O)c2)C(=O)N(c2ccccc2)c2ccccc21)c1ccccc1,1
CC(C)N(C(=O)CN1C(=O)C(NC(=O)Nc2ccccc2)C(=O)N(c2ccccc2)c2ccccc21)c1ccc(O)cc1,1
CC(C)N(C(=O)CN1C(=O)C(NC(=O)Nc2ccccc2)C(=O)N(c2ccccc2)c2ccccc21)c1ccccc1,1
CC(C)N(C(=O)CN1C(=O)C(NC(=O)Nc2ccccc2)C(=O)N(c2ccccc2)c2ccccc21)c1ccc(F)cc1,1
O=C(CN1C(=O)C(NC(=O)Nc2ccccc2)C(=O)N(c2ccccc2)c2ccccc21)Nc1ccccc1,1
CC(C)N(C(=O)CN1C(=O)C(NC(=O)Nc2ccccc2)C(=O)N(c2ccccc2)c2ccccc21)c1ccc(C(=O)O)cc1,1
COc1ccc(N(C)C(=O)CN2C(=O)C(NC(=O)Nc3ccccc3)C(=O)N(c3ccccc3)c3ccccc32)cc1,1
COc1ccc(N(C(=O)CN2C(=O)C(NC(=O)Nc3ccccc3)C(=O)N(c3ccccc3)c3ccccc32)C(C)C)cc1,1
CC(C)N(C(=O)CN1C(=O)C(NC(=O)Nc2ccccc2)C(=O)N(c2ccccc2)c2ccccc21)c1ccc(N(C)C)cc1,1
CC(C)N(C(=O)CN1C(=O)C(C)(NC(=O)Nc2ccccc2)C(=O)N(c2ccccc2)c2ccccc21)c1ccccc1,1
CCCN1C(=O)C(NC(=O)Nc2cccc(CC)c2)N=C(N2CCN(C)CC2)c2ccccc21,1
CCCN1C(=O)[C@H](NC(=O)Nc2cccc(C)c2)N=C(N2CCN(C)CC2)c2ccccc21,1
CCCN1C(=O)C(NC(=O)Nc2cccc(C)c2)N=C(N2CCN(C)CC2)c2ccccc21,1
CCCN1C(=O)C(NC(=O)Nc2cccc(C(F)(F)F)c2)N=C(N2CCN(C)CC2)c2ccccc21,1
CCCc1cccc(NC(=O)NC2N=C(N3CCN(C)CC3)c3ccccc3N(CCC)C2=O)c1,1
CCCN1C(=O)C(NC(=O)Nc2cccc(OC)c2)N=C(N2CCN(C)CC2)c2ccccc21,1
Cc1cccc(NC(=O)NC2N=C(N3CCN(C)CC3)c3ccccc3N(C)C2=O)c1,1
CCCN1C(=O)[C@@H](NC(=O)Nc2cccc(C)c2)N=C(N2CCN(C)CC2)c2ccccc21,1
Cc1cccc(NC(=O)NC2N=C(N3CCNCC3)c3ccccc3N(C)C2=O)c1,1
CC(C)(C)OC(=O)N[C@@H](Cc1c[nH]c2ccccc12)C(=O)N[C@@H](CCCCNC(=O)/C=C\c1ccccc1O)C(=O)N[C@@H](CC(=O)O)C(=O)N[C@@H](Cc1ccccc1)C(N)=O,1
CC(C)(C)OC(=O)N[C@@H](Cc1c[nH]c2ccccc12)C(=O)N[C@@H](CCCCNC(=O)/C=C\c1cccc(OS(=O)(=O)O)c1)C(=O)N[C@@H](CC(=O)O)C(=O)N[C@@H](Cc1ccccc1)C(N)=O,1
CC(C)(C)OC(=O)N[C@@H](Cc1c[nH]c2ccccc12)C(=O)N[C@@H](CCCCNC(=O)/C=C\c1ccc(OS(=O)(=O)O)cc1)C(=O)N[C@@H](CC(=O)O)C(=O)N[C@@H](Cc1ccccc1)C(N)=O,1
CN(C(=O)[C@H](CC(=O)O)NC(=O)[C@H](CCCCNC(=O)C=Cc1ccc(O)cc1)NC(=O)[C@H](Cc1c[nH]c2ccccc12)NC(=O)OC(C)(C)C)[C@@H](Cc1ccccc1)C(N)=O,1
CN(C(=O)[C@H](CC(=O)O)NC(=O)[C@H](CCCCNC(=O)/C=C/c1ccc(O)cc1)NC(=O)[C@H](Cc1c[nH]c2ccccc12)NC(=O)OC(C)(C)C)[C@@H](Cc1ccccc1)C(N)=O,1
CC(C)(C)OC(=O)N[C@@H](Cc1c[nH]c2ccccc12)C(=O)N[C@@H](CCCCNC(=O)/C=C\c1ccc(O)cc1)C(=O)N[C@@H](CC(=O)O)C(=O)N[C@@H](Cc1ccccc1)C(N)=O,1
CC(C)(C)OC(=O)N[C@@H](Cc1c[nH]c2ccccc12)C(=O)N[C@@H](CCCCNC(=O)/C=C\c1ccc(O)c(O)c1)C(=O)N[C@@H](CC(=O)O)C(=O)N[C@@H](Cc1ccccc1)C(N)=O,1
CC(C)(C)OC(=O)N[C@@H](Cc1c[nH]c2ccccc12)C(=O)N[C@@H](CCCCNC(=O)/C=C\c1cccc(O)c1)C(=O)N[C@@H](CC(=O)O)C(=O)N[C@@H](Cc1ccccc1)C(N)=O,1
CCCC[C@@H](C(=O)N[C@@H](CC(=O)O)C(=O)N[C@@H](Cc1ccccc1)C(N)=O)N(C)C(=O)[C@@H](Cc1c[nH]c2ccccc12)NC(=O)CNC(=O)[C@@H](Cc1ccccc1)NC(=O)[C@@H](N)Cc1ccc(O)cc1,1
CCCC[C@@H](C(=O)N[C@@H](CC(=O)O)C(=O)N[C@@H](Cc1ccccc1)C(N)=O)N(C)C(=O)[C@H](Cc1c[nH]c2ccccc12)NC(=O)CNC(=O)[C@H](Cc1ccccc1)NC(=O)[C@@H](N)Cc1ccc(O)cc1,1
CCCC[C@@H](C(=O)N[C@@H](CC(=O)O)C(=O)N[C@@H](Cc1ccccc1)C(N)=O)N(C)C(=O)[C@H](Cc1c[nH]c2ccccc12)NC(=O)[C@H](CCC(=O)O)NC(=O)[C@H](Cc1ccccc1)NC(=O)[C@@H](N)Cc1ccc(O)cc1,1
CCCC[C@@H](C(=O)N[C@@H](CC(=O)O)C(=O)N[C@@H](Cc1ccccc1)C(N)=O)N(C)C(=O)[C@H](Cc1c[nH]c2ccccc12)NC(=O)CNC(=O)[C@H](Cc1ccccc1)NC(=O)[C@H](Cc1ccc(O)cc1)NC(=O)[C@@H](N)CC(=O)O,1
CCCC[C@@H](C(=O)N[C@@H](CC(=O)O)C(=O)N[C@@H](Cc1ccccc1)C(N)=O)N(C)C(=O)[C@H](Cc1c[nH]c2ccccc12)NC(=O)CNC(=O)[C@@H](Cc1ccccc1)NC(=O)[C@H](Cc1ccc(O)cc1)NC(=O)[C@@H](N)CC(=O)O,1
CCCC[C@@H](C(=O)N[C@@H](CC(=O)O)C(=O)N[C@@H](Cc1ccccc1)C(N)=O)N(C)C(=O)[C@H](Cc1c[nH]c2ccccc12)NC(=O)CNC(=O)[C@@H](Cc1ccccc1)NC(=O)[C@@H](N)Cc1ccc(O)cc1,1
CCCC[C@H](NC(=O)[C@H](Cc1c[nH]c2ccccc12)NC(=O)CNC(=O)[C@@H](Cc1ccccc1)NC(=O)[C@@H](N)Cc1ccc(O)cc1)C(=O)N[C@@H](CC(=O)O)C(=O)N[C@@H](Cc1ccccc1)C(N)=O,1
CCCC[C@@H](C(=O)N[C@@H](CC(=O)O)C(=O)N[C@@H](Cc1ccccc1)C(N)=O)N(C)C(=O)[C@@H](NC(=O)CNC(=O)[C@@H](Cc1ccccc1)NC(=O)[C@H](Cc1ccc(O)cc1)NC(=O)[C@@H](N)CC(=O)O)[C@@H](C)c1c[nH]c2ccccc12,1
Cc1cccc(NC(=O)NC2N=C(c3ccccc3F)c3ccccc3N(CC(=O)N3CC4CCC(CC4)C3)C2=O)c1,1
CSc1cccc(NC(=O)NC2N=C(c3ccccc3F)c3cccc(C)c3N(CC(=O)N3CC4CCC(CC4)C3)C2=O)c1,1
Cc1cccc(NC(=O)NC2N=C(c3ccccc3F)c3cccc(C)c3N(CC(=O)N3CC4CCC(CC4)C3)C2=O)c1,1
CC(=O)c1cccc(NC(=O)NC2N=C(c3ccccc3F)c3cccc(C)c3N(CC(=O)N3CC4CCC(CC4)C3)C2=O)c1,1
Cc1cccc2c1N(CC(=O)N1CC3CCC(CC3)C1)C(=O)C(NC(=O)Nc1cccc(C(=O)O)c1)N=C2c1ccccc1F,1
COc1cccc(NC(=O)NC2N=C(c3ccccc3F)c3cccc(C)c3N(CC(=O)N3CC4CCC(CC4)C3)C2=O)c1,1
Cc1cccc2c1N(CC(=O)N1CC3CCC(CC3)C1)C(=O)C(NC(=O)Nc1cccc(Br)c1)N=C2c1ccccc1F,1
Cc1cccc2c1N(CC(=O)N1CC3CCC(CC3)C1)C(=O)C(NC(=O)Nc1cccc(Cl)c1)N=C2c1ccccc1F,1
CN1C(=O)C(NC(=O)c2cccc(I)c2)N=C(c2ccccc2F)c2ccccc21,1
CN1C(=O)[C@@H](NC(=O)c2ccc(C(F)(F)F)cc2)N=C(c2ccccc2F)c2ccccc21,1
CN1C(=O)[C@@H](NC(=O)c2ccc(I)cc2)N=C(c2ccccc2F)c2ccccc21,1
CN1C(=O)[C@@H](NC(=O)c2ccc(Br)cc2)N=C(c2ccccc2F)c2ccccc21,1
CCOC(=O)CN1C(=O)C(NC(=O)c2ccc(Cl)cc2)N=C(c2ccccc2F)c2ccccc21,1
CN1C(=O)[C@@H](NC(=O)c2cccc(Br)c2)N=C(c2ccccc2F)c2ccccc21,1
CN1C(=O)[C@@H](NC(=O)c2ccc(Br)cc2)N=C(c2ccccc2)c2ccccc21,1
CCCCCN(CCCCC)C(=O)[C@H](CCC(=O)O)NC(=O)CCC(NC(=O)c1cc(Cl)cc(Cl)c1)C(=O)N1CCC2(CCCC2)CC1,1
CC(C)CC(NC(=O)CCC(NC(=O)c1cc(Cl)cc(Cl)c1)C(=O)N1CCC2(CCCC2)CC1)C(=O)O,1
CC(C)(C)CCNC(=O)[C@H](CCC(=O)O)NC(=O)CCC(NC(=O)c1cc(Cl)cc(Cl)c1)C(=O)N1CCC2(CCCC2)CC1,1
CCCN(CCC)C(=O)[C@H](CCC(=O)O)NC(=O)CCC(NC(=O)c1cc(Cl)cc(Cl)c1)C(=O)N1CCC2(CCCC2)CC1,1
CSCCC(NC(=O)CCC(NC(=O)c1cc(Cl)cc(Cl)c1)C(=O)N1CCC2(CCCC2)CC1)C(=O)O,1
O=C(O)CCNC(=O)CCC(NC(=O)c1cc(Cl)cc(Cl)c1)C(=O)N1CCC2(CCCC2)CC1,1
O=C(O)CCCNC(=O)CCC(NC(=O)c1cc(Cl)cc(Cl)c1)C(=O)N1CCC2(CCCC2)CC1,1
CN1C(=O)[C@@H](NC(=O)c2cc3ccccc3[nH]2)N=C(c2ccccc2)c2ccccc21,1
CCOC(=O)CN1C(=O)C(NC(=O)c2cc3ccccc3[nH]2)N=C(c2ccccc2F)c2ccccc21,1
CN1C(=O)C(NC(=O)c2cc3ccccc3[nH]2)N=C(c2ccccc2)c2ccccc21,1
O=C(O)CN1C(=O)C(NC(=O)c2cc3ccccc3[nH]2)N=C(c2ccccc2F)c2ccccc21,1
O=C(O)CN1C(=O)C(NC(=O)c2cc3ccccc3[nH]2)N=C(c2ccccc2)c2ccccc21,1
Cc1cccc(NC(=O)N[C@@H]2N=C(C3CCCCC3)c3ccccc3N(C)C2=O)c1,1
CC(C)S(=O)(=O)NC(=O)c1cccc(NC(=O)NC2N=C(C3CCCCC3)c3ccccc3N(C)C2=O)c1,1
CC(C)S(=O)(=O)NC(=O)c1cccc(NC(=O)N[C@@H]2N=C(C3CCCCC3)c3ccccc3N(C)C2=O)c1,1
CC(=O)NS(=O)(=O)c1cccc(NC(=O)NC2N=C(C3CCCCC3)c3ccccc3N(C)C2=O)c1,1
CN1C(=O)C(NC(=O)Nc2cccc(C(=O)NS(C)(=O)=O)c2)N=C(C2CCCCC2)c2ccccc21,1
CN1C(=O)C(NC(=O)Nc2cccc(C(=O)O)c2)N=C(C2CCCCC2)c2ccccc21,1
Cc1cccc(NC(=O)N[C@H]2N=C(C3CCCCC3)c3ccccc3N(C)C2=O)c1,1
O=C(c1ccc(I)cc1NS(=O)(=O)c1cccc2nccnc12)N1CCOCC1,1
O=C(c1ccc(Br)cc1NS(=O)(=O)c1cccc2nccnc12)N1CCOCC1,1
C[C@@H]1COCCN1C(=O)c1ccc(Cl)cc1NS(=O)(=O)c1cccc2nccnc12,1
O=C(c1ccc(Cl)cc1NS(=O)(=O)c1cccc2nccnc12)N1CCOCC1,1
C[C@@H]1COC[C@H](C)N1C(=O)c1ccc(Cl)cc1NS(=O)(=O)c1cccc2nccnc12,1
C[C@H]1COCCN1C(=O)c1ccc(Cl)cc1NS(=O)(=O)c1cccc2nccnc12,1
CN(C(=O)CCC(NC(=O)c1cc(Cl)cc(Cl)c1)C(=O)N1CCC2(CCCC2)CC1)[C@H](Cc1c[nH]c2ccccc12)C(=O)O,1
O=C(CCC(NC(=O)c1cc(Cl)cc(Cl)c1)C(=O)N1CCC2(CCCC2)CC1)NC(Cc1c[nH]c2ccccc12)C(=O)O,1
O=C(O)CC(Cc1c[nH]c2ccccc12)NC(=O)CCC(NC(=O)c1cc(Cl)cc(Cl)c1)C(=O)N1CCC2(CCCC2)CC1,1
O=C(CCC(NC(=O)c1cc(Cl)cc(Cl)c1)C(=O)N1CCC2(CCCC2)CC1)N[C@@H](Cc1c[nH]c2ccccc12)C(=O)O,1
O=C(CCC(NC(=O)c1cc(Cl)cc(Cl)c1)C(=O)N1CCC2(CCCC2)CC1)N[C@H](Cc1c[nH]c2ccccc12)C(=O)O,1
CN(C(=O)CCC(NC(=O)c1cc(Cl)cc(Cl)c1)C(=O)N1CCC2(CCCC2)CC1)[C@@H](Cc1c[nH]c2ccccc12)C(=O)O,1
CCCC[C@H](NC(=O)[C@H](Cc1c[nH]c2ccccc12)NC(=O)[C@@H]1CCCCNC(=O)[C@H](NC(=O)OC(C)(C)C)CCC(=O)N[C@H](Cc2ccc(OS(=O)(=O)O)cc2)C(=O)N[C@@H](CCCC)C(=O)N1)C(=O)N[C@@H](CC(=O)O)C(=O)N[C@H](Cc1ccccc1)C(N)=O,1
CCCC[C@H](NC(=O)[C@H](Cc1c[nH]c2ccccc12)NC(=O)[C@@H]1CCCCNC(=O)[C@H](NC(=O)OC(C)(C)C)CCC(=O)N[C@H](Cc2ccc(O)cc2)C(=O)N[C@@H](CCCC)C(=O)N1)C(=O)N[C@@H](CC(=O)O)C(=O)N[C@H](Cc1ccccc1)C(N)=O,1
CCCC[C@H](NC(=O)[C@H](Cc1c[nH]c2ccccc12)NC(=O)[C@@H]1CCCCNC(=O)CC[C@H](NC(=O)OC(C)(C)C)C(=O)N[C@H](Cc2ccc(OS(=O)(=O)O)cc2)C(=O)N[C@@H](CCCC)C(=O)N1)C(=O)N[C@@H](CC(=O)O)C(=O)N[C@@H](Cc1ccccc1)C(N)=O,1
CCCC[C@H](NC(=O)[C@H](Cc1c[nH]c2ccccc12)NC(=O)[C@@H]1CCCCNC(=O)CC[C@H](NC(=O)OC(C)(C)C)C(=O)N[C@H](Cc2ccc(O)cc2)C(=O)N[C@@H](CCCC)C(=O)N1)C(=O)N[C@@H](CC(=O)O)C(=O)N[C@@H](Cc1ccccc1)C(N)=O,1
CCCC[C@H](NC(=O)[C@H](Cc1c[nH]c2ccccc12)NC(=O)[C@@H]1CCCCNC(=O)CC[C@@H](NC(=O)OC(C)(C)C)C(=O)N[C@H](Cc2ccc(OS(=O)(=O)O)cc2)C(=O)N[C@@H](CCCC)C(=O)N1)C(=O)N[C@@H](CC(=O)O)C(=O)N[C@@H](Cc1ccccc1)C(N)=O,1
CCCC[C@H](NC(=O)[C@H](Cc1c[nH]c2ccccc12)NC(=O)[C@@H]1CCCCNC(=O)CC[C@@H](NC(=O)OC(C)(C)C)C(=O)N[C@H](Cc2ccc(O)cc2)C(=O)N[C@@H](CCCC)C(=O)N1)C(=O)N[C@@H](CC(=O)O)C(=O)N[C@@H](Cc1ccccc1)C(N)=O,1
Cc1ccc2c(c1)N(CC(=O)NC(C)(C)C)C(=O)[C@H](NC(=O)Nc1cccc(C(=O)O)c1)C[C@@H]2C1CCCCC1,1
Cc1ccc2c(c1)N(CC(=O)NC(C)(C)C)C(=O)[C@H](NC(=O)Nc1cccc(C(=O)NS(C)(=O)=O)c1)C[C@@H]2C1CCCCC1,1
Cc1ccc2c(c1)N(CC(=O)NC(C)(C)C)C(=O)[C@H](NC(=O)Nc1cccc(Cl)c1)C[C@@H]2C1CCCCC1,1
COC(=O)c1cccc(NC(=O)N[C@@H]2C[C@H](C3CCCCC3)c3ccc(C)cc3N(CC(=O)NC(C)(C)C)C2=O)c1,1
CC(C)(C)NC(=O)CN1C(=O)[C@H](NC(=O)Nc2cccc(Cl)c2)C[C@H](C2CCCCC2)c2ccccc21,1
CC(C)(C)NC(=O)CN1C(=O)[C@@H](NC(=O)Nc2cccc(Cl)c2)C[C@H](C2CCCCC2)c2ccccc21,1
CN(Cc1ccccc1)C(=O)[C@H](CC(=O)O)NC(=O)CCC(NC(=O)c1cc(Cl)cc(Cl)c1)C(=O)N1CCC2(CCCC2)CC1,1
CN(Cc1ccccc1)C(=O)[C@@H](CC(=O)O)NC(=O)CCC(NC(=O)c1cc(Cl)cc(Cl)c1)C(=O)N1CCC2(CCCC2)CC1,1
CN(Cc1ccccc1)C(=O)[C@H](CCC(=O)O)NC(=O)CCC(NC(=O)c1cc(Cl)cc(Cl)c1)C(=O)N1CCC2(CCCC2)CC1,1
CN(Cc1ccccc1)C(=O)[C@@H](CCC(=O)O)NC(=O)CCC(NC(=O)c1cc(Cl)cc(Cl)c1)C(=O)N1CCC2(CCCC2)CC1,1
O=C(O)CC[C@@H](NC(=O)CCC(NC(=O)c1cc(Cl)cc(Cl)c1)C(=O)N1CCC2(CCCC2)CC1)C(=O)NCc1ccccc1,1
Cc1cccc(NC(=O)N[C@@H]2C[C@H](c3ccccc3C)C[C@H](c3ccccc3)N(CC(=O)Nc3ccccc3Cl)C2=O)c1,1
Cc1ccc(NC(=O)CN2C(=O)[C@H](NC(=O)Nc3cccc(C)c3)C[C@H](c3ccccc3C)C[C@@H]2c2ccccc2)cc1,1
Cc1cccc(NC(=O)N[C@@H]2C[C@H](c3ccccc3C)C[C@H](c3ccccc3)N(CC(=O)Nc3ccccc3C)C2=O)c1,1
Cc1cccc(NC(=O)N[C@@H]2C[C@H](c3ccccc3C)C[C@H](c3ccccc3)N(CC(=O)Nc3cccc(Cl)c3)C2=O)c1,1
Cc1cccc(NC(=O)N[C@@H]2C[C@H](c3ccccc3C)C[C@H](c3ccccc3)N(CC(=O)Nc3ccc(Cl)cc3)C2=O)c1,1
O=C(N[C@@H](Cc1ccc(F)c(Br)c1)C(=O)O)c1ccc(Br)cc1NS(=O)(=O)c1cccc2nccnc12,1
O=C(N[C@@H](Cc1ccc(F)c(Br)c1)C(=O)O)c1cc(Cl)c(Cl)cc1NS(=O)(=O)c1cccc2nccnc12,1
O=C(N[C@@H](Cc1ccc(F)c(Br)c1)C(=O)O)c1ccc(Cl)cc1NS(=O)(=O)c1cccc2nccnc12,1
O=C(N[C@@H](Cc1ccc(Cl)c(Br)c1)C(=O)O)c1ccc(Br)cc1NS(=O)(=O)c1cccc2nccnc12,1
COC(=O)[C@H](Cc1ccc(F)c(Br)c1)NC(=O)c1cc(Cl)c(Cl)cc1NS(=O)(=O)c1cccc2nccnc12,1
O=C(O)Cc1cccc(NC(=O)CN2N=C(C3CCCCC3)c3ccccc3N(CC(=O)C3CCCC3)C2=O)c1,1
O=C(O)CSc1cccc(NC(=O)CN2N=C(C3CCCCC3)c3ccccc3N(CC(=O)C3CCCC3)C2=O)c1,1
O=C(O)CCc1cccc(NC(=O)CN2N=C(C3CCCCC3)c3ccccc3N(CC(=O)C3CCCC3)C2=O)c1,1
CC1CCCC1C(=O)CN1C(=O)N(CC(=O)Nc2cccc(C(=O)O)c2)N=C(C2CCCCC2)c2ccccc21,1
CN(C(=O)CCC(NC(=O)c1cc(Cl)cc(Cl)c1)C(=O)N1CCC2(CCCC2)CC1)c1ccccc1C(=O)O,1
O=C(O)Cc1cccc(NC(=O)CCC(NC(=O)c2cc(Cl)cc(Cl)c2)C(=O)N2CCC3(CCCC3)CC2)c1,1
O=C(CCC(NC(=O)c1cc(Cl)cc(Cl)c1)C(=O)N1CCC2(CCCC2)CC1)Nc1ccccc1C(=O)O,1
O=C(CCC(NC(=O)c1cc(Cl)cc(Cl)c1)C(=O)N1CCC2(CCCC2)CC1)Nc1ccc(C(=O)O)cc1,1
CN1C(=O)C(NC(=O)Nc2ccc(Cl)nc2)N=C(c2ccccc2)c2ccccc21,1
CN1C(=O)C(NC(=O)Nc2cccnc2)N=C(c2ccccc2)c2ccccc21,1
COc1ccc(NC(=O)NC2N=C(c3ccccc3)c3ccccc3N(C)C2=O)cn1,1
CN1C(=O)C(NC(=O)Nc2ccc(N)nc2)N=C(c2ccccc2)c2ccccc21,1
Cc1cccc(NC(=O)NC2CCc3ccccc3N(CC(=O)N3CCCC3)C2=O)c1,1
COc1cccc(NC(=O)N[C@@H]2CCc3ccccc3N(CC(=O)N3CCCC3)C2=O)c1,1
Cc1cccc(NC(=O)N[C@@H]2CCc3ccccc3N(CC(=O)N3CCCC3)C2=O)c1,1
Cc1cccc(NC(=O)N[C@H]2CCc3ccccc3N(CC(=O)N3CCCC3)C2=O)c1,1
CN(C(=O)[C@H](CCC(=O)O)NC(=O)CCC(NC(=O)c1cc(Cl)cc(Cl)c1)C(=O)N1CCC2(CCCC2)CC1)c1cccc2ccccc12,1
O=C(O)CC[C@@H](NC(=O)CCC(NC(=O)c1cc(Cl)cc(Cl)c1)C(=O)N1CCC2(CCCC2)CC1)C(=O)Nc1cccc2ccccc12,1
O=C(O)CC[C@H](NC(=O)CCC(NC(=O)c1cc(Cl)cc(Cl)c1)C(=O)N1CCC2(CCCC2)CC1)C(=O)Nc1cccc2ccccc12,1
O=C(O)C[C@H](NC(=O)CCC(NC(=O)c1cc(Cl)cc(Cl)c1)C(=O)N1CCC2(CCCC2)CC1)C(=O)Nc1cccc2ccccc12,1
Cc1ccc2c(c1)N(CC(=O)NC(C)(C)C)C(=O)[C@H](NC(=O)Nc1cccc(Cl)c1)C[C@@H]2C(C)C,1
Cc1cccc(NC(=O)NC2CCc3ccccc3N(CC(=O)OC(C)(C)C)C2=O)c1,1
CC(C)(C)OC(=O)CN1C(=O)C(NC(=O)Nc2ccc(Cl)cc2)CCc2ccccc21,1
COc1cccc(NC(=O)NC2CCc3ccccc3N(CC(=O)OC(C)(C)C)C2=O)c1,1
CCCC[C@H](NC(=O)[C@H](CC(=O)O)NC(=O)[C@@H](N)Cc1cccc2ccccc12)C(=O)N(C)[C@@H](Cc1c[nH]c2ccccc12)C(=O)OC(C)(C)C,1
CCCC[C@H](NC(=O)[C@H](CC(=O)O)NC(=O)[C@@H](N)Cc1cccc2ccccc12)C(=O)N(C)[C@H](Cc1c[nH]c2ccccc12)C(=O)OC(C)(C)C,1
CCCC[C@H](NC(=O)[C@H](CC(=O)O)NC(=O)[C@H](Cc1cccc2ccccc12)NC)C(=O)N(C)[C@@H](Cc1c[nH]c2ccccc12)C(=O)OC(C)(C)C,1
CCCC[C@H](NC(=O)[C@H](CC(=O)O)NC(=O)[C@H](Cc1cccc2ccccc12)N(C)C)C(=O)N(C)[C@@H](Cc1c[nH]c2ccccc12)C(=O)OC(C)(C)C,1
CCCN1C(=O)[C@H](NC(=O)Nc2cccc(C)c2)N=C([C@H]2CC(C)(C)CCN2)c2ccccc21,1
CCCN1C(=O)[C@H](NC(=O)Nc2cccc(C)c2)N=C([C@H]2CCCCN2)c2ccccc21,1
CCCN1C(=O)[C@H](NC(=O)Nc2cccc(C)c2)N=C([C@@H]2CCCCN2)c2ccccc21,1
CCCN1C(=O)[C@H](NC(=O)Nc2cccc(C)c2)N=C([C@H]2CCCCN2C)c2ccccc21,1
CN(C)c1cccc(NC(=O)NC2C(=O)N(CCC3CCCC3)c3ccccc3N(c3ccccc3F)C2=O)c1,1
O=C(Nc1ccccc1)NC1C(=O)N(CCC2CCCC2)c2ccccc2N(c2ccccc2F)C1=O,1
CSc1cccc(NC(=O)NC2C(=O)N(CCC3CCCC3)c3ccccc3N(c3ccccc3F)C2=O)c1,1
CN(C)c1ccc(NC(=O)NC2C(=O)N(CCC3CCCC3)c3ccccc3N(c3ccccc3F)C2=O)cc1,1
CN1C(=O)[C@H](NC(=O)Nc2cccc(N(C)c3nn[nH]n3)c2)N=C(c2ccccc2)c2ccccc21,1
Cc1ccc(NC(=O)N[C@@H]2N=C(c3ccccc3)c3ccccc3N(C)C2=O)cc1Nc1nn[nH]n1,1
CN1C(=O)[C@H](NC(=O)Nc2cccc(Nc3nn[nH]n3)c2)N=C(c2ccccc2)c2ccccc21,1
Cc1ccc(NC(=O)N[C@@H]2N=C(c3ccccc3)c3ccccc3N(C)C2=O)cc1N(C)c1nn[nH]n1,1
COc1cccc(NC(=O)NC2N=C(c3ccccc3)c3ccccc3N(CC(=O)N3CCCC3)C2=O)c1,1
O=C(Nc1ccc(Cl)cc1)N[C@@H]1N=C(c2ccccc2)c2ccccc2N(CC(=O)N2CCCC2)C1=O,1
O=C(Nc1ccc(Cl)cc1)NC1N=C(c2ccccc2)c2ccccc2N(CC(=O)N2CCCC2)C1=O,1
O=C(Nc1ccc(Cl)cc1)N[C@H]1N=C(c2ccccc2)c2ccccc2N(CC(=O)N2CCCC2)C1=O,1
CC(C)CN1C(=O)[C@@H](NC(=O)Nc2ccc(-c3nn[nH]n3)cc2)N=C(c2ccccc2)c2ccccc21,1
CN1C(=O)[C@@H](NC(=O)Nc2ccc(-c3nn[nH]n3)cc2)N=C(c2ccccc2)c2ccccc21,1
CC(C)CN1C(=O)[C@H](NC(=O)Nc2ccc(-c3nn[nH]n3)cc2)N=C(c2ccccc2)c2ccccc21,1
CN1C(=O)[C@H](NC(=O)Nc2ccc(-c3nn[nH]n3)cc2)N=C(c2ccccc2)c2ccccc21,1
O=C(Nc1cccc(-c2nn[nH]n2)c1)NC1N=C(c2ccccc2F)c2ccccc2N(CC(=O)N2CC3CCC(CC3)C2)C1=O,1
Cc1cccc2c1N(CC(=O)N1CC3CCC(CC3)C1)C(=O)C(NC(=O)Nc1cccc(-c3nn[nH]n3)c1)N=C2c1ccccc1F,1
O=C(Nc1cccc(-c2nn[nH]n2)c1)NC1N=C(c2ccccc2F)c2cccc(Cl)c2N(CC(=O)N2CC3CCC(CC3)C2)C1=O,1
CCc1cccc2c1N(CC(=O)N1CC3CCC(CC3)C1)C(=O)C(NC(=O)Nc1cccc(-c3nn[nH]n3)c1)N=C2c1ccccc1F,1
CN1C(=O)[C@H](NC(=O)Nc2cccc(N(C)c3nn[nH]n3)c2)N=C(C2CCCCC2)c2ccccc21,1
Cc1ccc(NC(=O)N[C@@H]2N=C(C3CCCCC3)c3ccccc3N(C)C2=O)cc1Nc1nn[nH]n1,1
CN1C(=O)[C@H](NC(=O)Nc2cccc(Nc3nn[nH]n3)c2)N=C(C2CCCCC2)c2ccccc21,1
Cc1ccc(NC(=O)N[C@@H]2N=C(C3CCCCC3)c3ccccc3N(C)C2=O)cc1N(C)c1nn[nH]n1,1
CC(C)(C)OC(=O)N[C@@H](Cc1c[nH]c2ccccc12)C(=O)N[C@@H](CCCCNC(=O)c1ccc2cc(OS(=O)(=O)O)ccc2c1)C(=O)N[C@@H](CC(=O)O)C(=O)N[C@@H](Cc1ccccc1)C(N)=O,1
CC(=O)Oc1ccc2cc(C(=O)NCCCC[C@H](NC(=O)[C@H](Cc3c[nH]c4ccccc34)NC(=O)OC(C)(C)C)C(=O)N[C@@H](CC(=O)O)C(=O)N(C)[C@@H](Cc3ccccc3)C(N)=O)ccc2c1,1
CN(C(=O)[C@H](CC(=O)O)NC(=O)[C@H](CCCCNC(=O)c1ccc2cc(O)ccc2c1)NC(=O)[C@H](Cc1c[nH]c2ccccc12)NC(=O)OC(C)(C)C)[C@@H](Cc1ccccc1)C(N)=O,1
Cc1cccc(NC(=O)N[C@H](COCc2ccccc2)C(=O)N2CCC(C(=O)c3ccc(F)cc3)CC2)c1,1
Cc1cccc(NC(=O)N[C@H](COCc2ccccc2)C(=O)N2CCC(C(=O)c3ccccc3)CC2)c1,1
Cc1cccc(NC(=O)N[C@@H](C(=O)N2CCC(C(=O)c3ccccc3)CC2)[C@@H](C)OCc2ccccc2)c1,1
CCCCCN(CCCCC)C(=O)[C@H](CCC(=O)N1CCCC1)NC(=O)Nc1cccc(OC)c1,1
CCCCCN(CCCCC)C(=O)C(CCC(=O)N1CCCC1)NC(=O)Nc1ccc(Cl)cc1,1
CCCCCN(CCCCC)C(=O)[C@@H](CCC(=O)N1CCCC1)NC(=O)Nc1cccc(OC)c1,1
CCCC[C@H](NC(=O)[C@H](Cc1ccc(S(=O)(=O)O)cc1)NC(=O)OC(C)(C)C)C(=O)NCC(=O)N[C@@H](Cc1c[nH]c2ccccc12)C(=O)N[C@@H](CCCC)C(=O)NC(CCCOc1ccccc1)CC(=O)O,1
CCCC[C@H](NC(=O)[C@H](Cc1ccc(S(=O)(=O)O)cc1)NC(=O)OC(C)(C)C)C(=O)NCC(=O)N[C@@H](Cc1c[nH]c2ccccc12)C(=O)N[C@@H](CCCC)C(=O)N[C@H](CCCOc1ccccc1)CC(=O)O,1
CCCC[C@H](NC(=O)[C@H](Cc1ccc(S(=O)(=O)O)cc1)NC(=O)OC(C)(C)C)C(=O)NCC(=O)N[C@@H](Cc1c[nH]c2ccccc12)C(=O)N[C@@H](CCCC)C(=O)N[C@@H](CCCOc1ccccc1)CC(=O)O,1
CCCC[C@H](NC(=O)[C@H](Cc1ccc(S(=O)(=O)O)cc1)NC(=O)OC(C)(C)C)C(=O)NCC(=O)N[C@@H](Cc1c[nH]c2ccccc12)C(=O)N[C@@H](CCCC)C(=O)N[C@H](CCCCc1ccccc1)CC(=O)O,1
CCCC[C@H](NC(=O)[C@H](Cc1ccc(S(=O)(=O)O)cc1)NC(=O)OC(C)(C)C)C(=O)NCC(=O)N[C@@H](Cc1c[nH]c2ccccc12)C(=O)N[C@@H](CCCC)C(=O)NC(CCCCc1ccccc1)CC(=O)O,1
CCCC[C@H](NC(=O)[C@H](Cc1ccc(S(=O)(=O)O)cc1)NC(=O)OC(C)(C)C)C(=O)NCC(=O)N[C@@H](Cc1c[nH]c2ccccc12)C(=O)N[C@@H](CCCC)C(=O)N[C@@H](CCCCc1ccccc1)CC(=O)O,1
O=C(c1ccc(I)cc1NS(=O)(=O)c1cccc2nsnc12)N1CCOCC1,1
O=C(c1ccc(Br)cc1NS(=O)(=O)c1cccc2nsnc12)N1CCOCC1,1
O=C(c1ccc(Cl)cc1NS(=O)(=O)c1cccc2nsnc12)N1CCOCC1,1
CCOC(=O)c1cccc(NC(=O)NNc2nc3ccccc3c(=O)n2-c2cccc(OC(C)C)c2)c1,1
CCOC(=O)c1cccc(NC(=O)NNc2nc3ccccc3c(=O)n2-c2ccc(Cl)cc2)c1,1
CC(C)Oc1cccc(-n2c(NNC(=O)Nc3ccc(Br)cc3)nc3ccccc3c2=O)c1,1
CC(C)(C)OC(=O)[C@H](Cc1c[nH]c2ccccc12)NC(=O)[C@@H](NC(=O)[C@H](CC(=O)O)NC(=O)[C@@H](N)Cc1cccc2ccccc12)C1CCCCC1,1
CN(C)[C@@H](Cc1cccc2ccccc12)C(=O)N[C@@H](CC(=O)O)C(=O)N[C@H](C(=O)N[C@@H](Cc1c[nH]c2ccccc12)C(=O)OC(C)(C)C)C1CCCCC1,1
CN(C(=O)[C@@H](NC(=O)[C@H](CC(=O)O)NC(=O)[C@@H](N)Cc1cccc2ccccc12)C1CCCCC1)[C@@H](Cc1c[nH]c2ccccc12)C(=O)OC(C)(C)C,1
CC(C)(C)OC(=O)[C@H](Cc1c[nH]c2ccccc12)NC(=O)[C@@H](NC(=O)[C@H](CC(=O)O)NC(=O)[C@@H](N)Cc1cccc2ccccc12)c1ccccc1,1
CN(C)[C@@H](Cc1cccc2ccccc12)C(=O)N[C@@H](CC(=O)O)C(=O)N[C@H](C(=O)N[C@@H](Cc1c[nH]c2ccccc12)C(=O)OC(C)(C)C)c1ccccc1,1
CN(C(=O)[C@@H](NC(=O)[C@H](CC(=O)O)NC(=O)[C@@H](N)Cc1cccc2ccccc12)c1ccccc1)[C@@H](Cc1c[nH]c2ccccc12)C(=O)OC(C)(C)C,1
Cc1cccc(NC(=O)N[C@@H]2N=C([C@H]3CCC(C)(C)CCN3)c3ccccc3N(C)C2=O)c1,1
CCCN1C(=O)[C@H](NC(=O)Nc2cccc(C)c2)N=C([C@H]2CCC(C)(C)CCN2)c2ccccc21,1
CCCN1C(=O)[C@H](NC(=O)Nc2cccc(C)c2)N=C([C@H]2CCC(C)(C)CCN2C)c2ccccc21,1
CCCC[C@H](NC(=O)[C@H](Cc1c[nH]c2ccccc12)NC(=O)[C@@H]1CCCCNC(=O)C[C@H](NC(=O)OC(C)(C)C)C(=O)N[C@H](Cc2ccc(OS(=O)(=O)O)cc2)C(=O)N[C@@H](CCCC)C(=O)N1)C(=O)N[C@@H](CC(=O)O)C(=O)N[C@H](Cc1ccccc1)C(N)=O,1
CCCC[C@H](NC(=O)[C@H](Cc1c[nH]c2ccccc12)NC(=O)[C@H]1CCCCNC(=O)C[C@H](NC(=O)OC(C)(C)C)C(=O)N[C@H](Cc2ccc(OS(=O)(=O)O)cc2)C(=O)N[C@@H](CCCC)C(=O)N1)C(=O)N[C@@H](CC(=O)O)C(=O)N[C@@H](Cc1ccccc1)C(N)=O,1
CCCC[C@H](NC(=O)[C@H](Cc1c[nH]c2ccccc12)NC(=O)[C@@H]1CCCCNC(=O)C[C@@H](NC(=O)OC(C)(C)C)C(=O)N[C@H](Cc2ccc(OS(=O)(=O)O)cc2)C(=O)N[C@@H](CCCC)C(=O)N1)C(=O)N[C@@H](CC(=O)O)C(=O)N[C@H](Cc1ccccc1)C(N)=O,1
CN1C(=O)C(NC(=O)NCc2cccc(C(C)(C)O)c2)N=C(c2ccccc2)c2ccccc21,1
CN1C(=O)[C@H](NC(=O)NCc2cccc(O)c2)N=C(c2ccccc2)c2ccccc21,1
CN1C(=O)C(NC(=O)NCc2ccccc2)N=C(c2ccccc2)c2ccccc21,1
CN1CCN(C(=O)CN2C(=O)C(NC(=O)Nc3ccc(Cl)cc3)N=C(c3ccccc3)c3ccccc32)CC1,1
Cc1cccc(NC(=O)NC2N=C(c3ccccc3)c3ccccc3N(CC(=O)N3CCN(C)CC3)C2=O)c1,1
COc1cccc(NC(=O)NC2N=C(c3ccccc3)c3ccccc3N(CC(=O)N3CCN(C)CC3)C2=O)c1,1
CN(C)c1cccc(NC(=O)NC2C(=O)N(c3ccccc3)c3ccccc3N(C3CC4CCC3C4)C2=O)c1,1
O=C(Nc1ccccc1)NC1C(=O)N(c2ccccc2)c2ccccc2N(C2CC3CCC2C3)C1=O,1
O=C(Nc1cccc(Cl)c1)NC1C(=O)N(c2ccccc2)c2ccccc2N(C2CC3CCC2C3)C1=O,1
CC(C)(C)C(=O)CN1C(=O)N(CC(=O)Nc2cccc(SCC(=O)O)c2)C(=O)N(C2CCCCCC2)c2ccccc21,1
CC(C)(C)C(=O)CN1C(=O)N(CC(=O)Nc2cccc(CC(=O)O)c2)C(=O)N(C2CCCCCC2)c2ccccc21,1
Cc1cccc(NC(=O)CN2C(=O)N(CC(=O)C(C)(C)C)c3ccccc3N(C3CCCCCC3)C2=O)c1,1
CSCC[C@H](NC(=O)[C@H](Cc1c[nH]c2ccccc12)NC(=O)CNC(=O)[C@H](Cc1ccc(O)cc1)NC(=O)[C@H](C)NC(=O)[C@@H](CO)NC(=O)[C@@H](CO)NC(=O)[C@@H](CO)NC(=O)CN1CCN(CC(=O)O)CCN(CC(=O)O)CCN(CC(=O)O)CC1)C(=O)N[C@@H](CC(=O)O)C(=O)N[C@@H](Cc1ccccc1)C(N)=O,1
CCCC[C@H](NC(=O)[C@H](Cc1c[nH]c2ccccc12)NC(=O)CNC(=O)[C@H](Cc1ccc(O)cc1)NC(=O)[C@H](C)NC(=O)[C@@H](CCC(N)=O)NC(=O)[C@@H](CCC(N)=O)NC(=O)[C@@H](CCC(N)=O)NC(=O)CN1CCN(CC(=O)O)CCN(CC(=O)O)CCN(CC(=O)O)CC1)C(=O)N[C@@H](CC(=O)O)C(=O)N[C@@H](Cc1ccccc1)C(N)=O,1
Cc1ccccc1S(=O)(=O)NC(=O)c1cccc(NC(=O)N[C@@H]2N=C(C3CCCCC3)c3ccccc3N(C)C2=O)c1,1
CN1C(=O)C(NC(=O)Nc2cccc(C(=O)NS(=O)(=O)c3ccccc3)c2)N=C(C2CCCCC2)c2ccccc21,1
CN1C(=O)[C@H](NC(=O)Nc2cccc(C(=O)NS(=O)(=O)c3ccccc3)c2)N=C(C2CCCCC2)c2ccccc21,1
CCCC[C@@H](C(=O)N[C@@H](CC(=O)O)C(=O)N[C@@H](Cc1ccccc1)C(N)=O)N(C)C(=O)[C@H](Cc1c[nH]c2ccccc12)NC(=O)CNC(=O)[C@@H]1CCCN1C(=O)[C@@H](N)Cc1ccc(O)cc1,1
CCCC[C@H](NC(=O)[C@H](Cc1c[nH]c2ccccc12)NC(=O)CNC(=O)[C@@H]1CCCN1C(=O)CCc1ccc(OS(=O)(=O)O)cc1)C(=O)N[C@@H](CC(=O)O)C(=O)N[C@@H](Cc1ccccc1)C(N)=O,1
CCCC[C@@H](C(=O)N[C@@H](CC(=O)O)C(=O)N[C@@H](Cc1ccccc1)C(N)=O)N(C)C(=O)[C@H](Cc1c[nH]c2ccccc12)NC(=O)CNC(=O)[C@H]1CCCN1C(=O)[C@@H](N)Cc1ccc(O)cc1,1
CNc1cccc(NC(=O)N[C@@H]2N=C(c3ccccn3)c3ccccc3N(CC(=O)C(C)(C)C)C2=O)c1,1
CCN(CC)C(=O)CN1C(=O)C(NC(=O)Nc2cccc(C)c2)N=C(c2ccccn2)c2ccccc21,1
Cc1cccc(NC(=O)NC2N=C(c3ccccn3)c3ccccc3N(C)C2=O)c1,1
Cc1cccc(NC(=O)N[C@@H]2N=C(N3CC4CCC(CC4)C3)c3ccccc3N(C)C2=O)c1,1
Cc1cccc(NC(=O)NC2N=C(N3CC4CCC(CC4)C3)c3ccccc3N(C)C2=O)c1,1
Cc1cccc(NC(=O)N[C@H]2N=C(N3CC4CCC(CC4)C3)c3ccccc3N(C)C2=O)c1,1
CCC1(CC(=O)Nc2ccccc2)C(=O)N(CC(=O)N(c2ccccc2)C(C)C)c2ccccc2N(c2ccccc2)C1=O,1
CC(C)N(C(=O)CN1C(=O)C(CC(=O)Nc2ccccc2)C(=O)N(c2ccccc2)c2ccccc21)c1ccccc1,1
CN(C(=O)[C@H](CC(=O)O)NC(=O)[C@H](CCCCNC(=O)/C=C\c1ccc(O)cc1)C(=O)[C@H](Cc1c[nH]c2ccccc12)NC(=O)OC(C)(C)C)[C@@H](Cc1ccccc1)C(N)=O,1
CC(C)(C)OC(=O)N[C@@H](Cc1c[nH]c2ccccc12)C(=O)[C@@H](CCCCNC(=O)/C=C\c1ccc(O)cc1)C(=O)N[C@@H](CC(=O)O)C(=O)N[C@@H](Cc1ccccc1)C(N)=O,1
O=C(c1ccc(Br)cc1NS(=O)(=O)c1c(F)cccc1F)N1CCCCC1,1
O=C(c1ccc(Br)cc1NS(=O)(=O)c1ccc(C(F)(F)F)cc1Cl)N1CCCCC1,1
COc1cccc(CC(=O)N[C@H]2N=C(c3ccccc3F)c3ccccc3N(C)C2=O)c1,1
COc1cccc(CC(=O)N[C@@H]2N=C(c3ccccc3F)c3ccccc3N(C)C2=O)c1,1
O=C(Nc1ccc(Cl)cc1)NC1N=C(c2ccccc2)c2ccccc2-n2cnnc21,1
Cc1nnc2n1-c1ccccc1C(c1ccccc1)=NC2NC(=O)Nc1ccc(Cl)cc1,1
CCCCCN(CCCCC)C(=O)C(CCC(=O)O)NC(=O)Nc1ccc(Cl)cc1,1
COC(=O)n1c(C(=O)NC2C(=O)N(CC(=O)N(c3ccccc3)C(C)C)c3ccccc3N(c3ccccc3)C2=O)cc2ccccc21,1
CC(C)N(C(=O)CN1C(=O)C(NC(=O)c2cc3ccccc3[nH]2)C(=O)N(c2ccccc2)c2ccccc21)c1ccccc1,1
CC(C)(C)OC(=O)N[C@@H](Cc1c[nH]c2ccccc12)C(=O)N[C@@H](CCCCNC(=O)c1cnc2ccccc2c1)C(=O)N[C@@H](CC(=O)O)C(=O)N[C@@H](Cc1ccccc1)C(N)=O,1
CC(C)(C)OC(=O)N[C@@H](Cc1c[nH]c2ccccc12)C(=O)N[C@@H](CCCCNC(=O)c1cnc2cccc(O)c2c1)C(=O)N[C@@H](CC(=O)O)C(=O)N[C@@H](Cc1ccccc1)C(N)=O,1
O=C(O)CCC(NC(=O)c1cc(Cl)cc(Cl)c1)C(=O)NN1CCC2(CCCC2)CC1,1
O=C(O)CCC(NC(=O)c1cccc(Cl)c1)C(=O)NN1CCC2(CCCC2)CC1,1
CCCC[C@H](NC(=O)[C@H](Cc1c[nH]c2ccccc12)NC(=O)[C@H](CCCN=C(N)N)NC(=O)[C@@H](Cc1ccc2ccccc2c1)NC(=O)[C@H](Cc1cnc[nH]1)NC(=O)[C@H](Cc1ccccc1)NC(=O)[C@@H](C)NC(=O)[C@@H](N)Cc1c(C)cc(O)cc1C)C(=O)N[C@@H](CC(=O)O)C(=O)N[C@@H](Cc1ccccc1)C(N)=O,1
CCCC[C@H](NC(=O)[C@H](Cc1c[nH]c2ccccc12)NC(=O)[C@H](CCCNC(=N)N)NC(=O)[C@@H](Cc1ccc2ccccc2c1)NC(=O)[C@H](Cc1cnc[nH]1)NC(=O)[C@H](Cc1ccccc1)NC(=O)[C@@H](C)NC(=O)[C@@H](N)Cc1ccc(O)cc1)C(=O)N[C@@H](CC(=O)O)C(=O)N[C@@H](Cc1ccccc1)C(N)=O,1
CCCC[C@H](NC(=O)[C@H](Cc1c[nH]c2ccccc12)NC(=O)[C@H](CCCNC(=N)N)NC(=O)[C@@H](Cc1ccc2ccccc2c1)NC(=O)[C@H](Cc1cnc[nH]1)NC(=O)[C@H]1Cc2ccccc2CN1C(=O)[C@@H](N)Cc1c(C)cc(O)cc1C)C(=O)N[C@@H](CC(=O)O)C(=O)N[C@@H](Cc1ccccc1)C(N)=O,1
CCCC[C@H](NC(=O)[C@H](Cc1c[nH]c2ccccc12)NC(=O)[C@H](CCCNC(=N)N)NC(=O)[C@@H](Cc1ccc2ccccc2c1)NC(=O)[C@H](Cc1cnc[nH]1)NC(=O)[C@@H]1Cc2ccccc2CN1C(=O)[C@@H](N)Cc1c(C)cc(O)cc1C)C(=O)N[C@@H](CC(=O)O)C(=O)N[C@@H](Cc1ccccc1)C(N)=O,1
CCCC[C@H](NC(=O)[C@H](Cc1c[nH]c2ccccc12)NC(=O)[C@H](CCCNC(=N)N)NC(=O)[C@@H](Cc1ccc2ccccc2c1)NC(=O)[C@H](Cc1cnc[nH]1)NC(=O)[C@H](Cc1ccccc1)NC(=O)CNC(=O)[C@@H](C)NC(=O)[C@@H](N)Cc1ccc(O)cc1)C(=O)N[C@@H](CC(=O)O)C(=O)N[C@@H](Cc1ccccc1)C(N)=O,1
CCCC[C@H](NC(=O)[C@H](Cc1c[nH]c2ccccc12)NC(=O)[C@H](CCCN=C(N)N)NC(=O)[C@@H](Cc1ccc2ccccc2c1)NC(=O)[C@H](Cc1cnc[nH]1)NC(=O)[C@H](Cc1ccccc1)NC(=O)CNC(=O)[C@@H](C)NC(=O)[C@@H](N)Cc1c(C)cc(O)cc1C)C(=O)N[C@@H](CC(=O)O)C(=O)N[C@@H](Cc1ccccc1)C(N)=O,1
CC(C)(C)OC(=O)N[C@@H](Cc1c[nH]c2ccccc12)C(=O)N[C@@H](CCCCNC(=O)/C=C/c1cccnc1)C(=O)N[C@@H](CC(=O)O)C(=O)N[C@@H](Cc1ccccc1)C(N)=O,1
CN(C(=O)[C@H](CC(=O)O)NC(=O)[C@H](CCCCNC(=O)/C=C/c1cccnc1)NC(=O)[C@H](Cc1c[nH]c2ccccc12)NC(=O)OC(C)(C)C)[C@@H](Cc1ccccc1)C(N)=O,1
CCCC[C@H](NC(=O)[C@H](Cc1ccc(OS(=O)(=O)O)cc1)NC(=O)OC(C)(C)C)C(=O)NCC(=O)N[C@@H](Cc1c[nH]c2ccccc12)C(=O)N[C@@H](CCCC)C(=O)N[C@@H](CC(=O)O)C(=O)NC(Cc1ccccc1)Cc1ccccc1,1
CCCC[C@H](NC(=O)[C@H](Cc1ccc(OS(=O)(=O)O)cc1)NC(=O)OC(C)(C)C)C(=O)NCC(=O)N[C@H](Cc1c[nH]c2ccccc12)C(=O)N[C@@H](CCCC)C(=O)N[C@@H](CC(=O)O)C(=O)NC(Cc1ccccc1)Cc1ccccc1,1
CC(C)(C)OC(=O)[C@H](Cc1c[nH]c2ccccc12)NC(=O)[C@H](Cc1ccccc1)NC(=O)[C@H](CC(=O)O)NC(=O)[C@@H](N)Cc1cccc2ccccc12,1
CN(C(=O)[C@H](Cc1ccccc1)NC(=O)[C@H](CC(=O)O)NC(=O)[C@@H](N)Cc1cccc2ccccc12)[C@@H](Cc1c[nH]c2ccccc12)C(=O)OC(C)(C)C,1
CCCC[C@H](NC(=O)[C@H](Cc1ccc(OS(=O)(=O)O)cc1)NC(=O)OC(C)(C)C)C(=O)NCC(=O)N[C@@H](Cc1c[nH]c2ccccc12)C(=O)N[C@@H](CCCC)C(=O)N[C@@H](CC(=O)O)C(=O)NCC(c1ccccc1)c1ccccc1,1
CCCC[C@H](NC(=O)[C@H](Cc1ccc(OS(=O)(=O)O)cc1)NC(=O)OC(C)(C)C)C(=O)NCC(=O)N[C@H](Cc1c[nH]c2ccccc12)C(=O)N[C@@H](CCCC)C(=O)N[C@@H](CC(=O)O)C(=O)NCC(c1ccccc1)c1ccccc1,1
C[C@]1(Cc2c[nH]c3ccccc23)NC(=O)CCCCSSCC[C@H](C(=O)N[C@@H](CC(=O)O)C(=O)N[C@@H](Cc2ccccc2)C(N)=O)NC1=O,1
C[C@]1(Cc2c[nH]c3ccccc23)NC(=O)CCCCSSCC[C@H](C(=O)NC(CC(=O)O)C(=O)NC(Cc2ccccc2)C(N)=O)NC1=O,1
Cc1cccc(NC(=O)NC2N=C(c3ccccc3)c3ccccc3N(CC(=O)Nc3ccncc3)C2=O)c1,1
Cc1ccc(NC(=O)NC2N=C(c3ccccc3)c3ccccc3N(CC(=O)Nc3ccncc3)C2=O)cc1,1
CN(Cc1ccccc1)C(=O)C[C@H](NC(=O)CCC(NC(=O)c1cc(Cl)cc(Cl)c1)C(=O)N1CCC2(CCCC2)CC1)C(=O)O,1
O=C(CC(NC(=O)CCC(NC(=O)c1cc(Cl)cc(Cl)c1)C(=O)N1CCC2(CCCC2)CC1)C(=O)O)NCc1ccccc1,1
CCc1cccc(NC(=O)N[C@@H]2C[C@H](c3ccccc3C)C[C@H](c3ccccc3)N(CC(=O)NC3(C)CCCCC3)C2=O)c1,1
Cc1cccc(NC(=O)N[C@@H]2C[C@H](c3ccccc3C)C[C@H](c3ccccc3)N(CC(=O)NC3(C)CCCCC3)C2=O)c1,1
O=C(O)CC[C@H](NC(=O)CCC(NC(=O)c1cc(Cl)cc(Cl)c1)C(=O)N1CCC2(CCCC2)CC1)C(=O)N1CCC2(CCCC2)CC1,1
O=C(O)CC[C@@H](NC(=O)CCC(NC(=O)c1cc(Cl)cc(Cl)c1)C(=O)N1CCC2(CCCC2)CC1)C(=O)N1CCC2(CCCC2)CC1,1
CN(Cc1ccccc1)C(=O)c1ccc(Cl)cc1NS(=O)(=O)c1cccc2nsnc12,1
O=C(NCc1ccc(Cl)cc1)c1ccc(Br)cc1NS(=O)(=O)c1cccc2nsnc12,1
CSCCC(NC(=O)NC(CC(=O)O)C(=O)NC(Cc1ccccc1)C(N)=O)C(=O)NC(=O)C(Cc1c[nH]c2ccccc12)NC(=O)OC(C)(C)C,1
CSCC[C@H](NC(=O)N[C@@H](CC(=O)O)C(=O)N[C@@H](Cc1ccccc1)C(N)=O)C(=O)NC(=O)[C@H](Cc1c[nH]c2ccccc12)NC(=O)OC(C)(C)C,1
Cc1ccccc1NC(=O)NCCCC[C@H](CNC(=O)[C@@](C)(Cc1c[nH]c2ccccc12)NC(=O)OC1C2CC3CC(C2)CC1C3)NC(=O)CCC(=O)O,1
Cc1ccccc1NC(=O)NCCCC[C@H](CNC(=O)[C@](C)(Cc1c[nH]c2ccccc12)NC(=O)OC1C2CC3CC(C2)CC1C3)NC(=O)CCC(=O)O,1
CC(C)(C)OC(=O)N[C@@H](Cc1c[nH]c2ccccc12)C(=O)N[C@H](C(=O)N[C@@H](CC(=O)O)C(=O)N[C@@H](Cc1cccc2ccccc12)C(N)=O)c1ccccc1,1
CN(C)C(=O)[C@H](Cc1cccc2ccccc12)NC(=O)[C@H](CC(=O)O)NC(=O)[C@@H](NC(=O)[C@H](Cc1c[nH]c2ccccc12)NC(=O)OC(C)(C)C)c1ccccc1,1
COc1ccc(N(C(=O)CN2C(=O)C(Cc3c[nH]c4ccccc34)(OC)C(=O)N(c3ccccc3)c3ccccc32)C(C)C)cc1,1
COc1ccc(N(C(=O)CN2C(=O)C(C)(Cc3cn(C)c4ccccc34)C(=O)N(c3ccccc3)c3ccccc32)C(C)C)cc1,1
COC(=O)[C@H]1CCCN1OC(=O)CN1C(=O)C(NC(=O)Nc2cccc(OC)c2)N=C(c2ccccc2)c2ccccc21,1
Cc1cccc(NC(=O)NC2N=C(c3ccccc3)c3ccccc3N(CC(=O)ON3CCC[C@@H]3C(=O)O)C2=O)c1,1
CC(C)CCN1C(=O)C(NC(=O)Oc2cccc(N(C)C)c2)C(=O)N(CC23CC4CC(CC(C4)C2)C3)c2ccccc21,1
CC(C)CCN1C(=O)C(NC(=O)Oc2ccccc2)C(=O)N(CC23CC4CC(CC(C4)C2)C3)c2ccccc21,1
Cc1nnc2n1-c1ccccc1C(c1ccccc1F)=NC2NC(=O)c1cc2ccccc2[nH]1,1
O=C(NC1N=C(c2ccccc2F)c2ccccc2-n2cnnc21)c1cc2ccccc2[nH]1,1
Cc1cccc(NC(=O)N[C@@H]2C[C@@H](N3CCCCCC3)c3ccccc3N(C)C2=O)c1,1
Cc1cccc(NC(=O)N[C@@H]2C[C@H](N3CCCCCC3)c3ccccc3N(C)C2=O)c1,1
CC(C)(C)C(=O)CN1C(=O)N(CC(=O)Nc2cccc(CCC(=O)O)c2)C(=O)N(C2CCCCC2)c2ccccc21,1
CNc1cccc(NC(=O)CN2C(=O)N(CC(=O)C(C)(C)C)c3ccccc3N(C3CCCCC3)C2=O)c1,1
CNc1cccc(NC(=O)C[C@@H]2N=C(C3CCCCC3)c3ccccc3N(CC(=O)C(C)(C)C)C2=O)c1,1
CNc1cccc(NC(=O)C[C@H]2N=C(C3CCCCC3)c3ccccc3N(CC(=O)C(C)(C)C)C2=O)c1,1
Cc1ccc2c(c1)N(CC(=O)NC(C)(C)C)C(=O)[C@H](NC(=O)Nc1cccc(C(=O)NS(=O)(=O)c3ccccc3)c1)C[C@@H]2c1ccccc1,1
Cc1ccc2c(c1)N(CC(=O)NC(C)(C)C)C(=O)[C@H](NC(=O)Nc1cccc(C(=O)NS(=O)(=O)c3ccccc3C)c1)C[C@@H]2c1ccccc1,1
C[C@@H](NC(=O)[C@@H](N)Cc1ccc(O)cc1)C(=O)NCC(=O)N(C)[C@@H](Cc1ccccc1)C(=O)NCCO,1
CCCC[C@H](NC(=O)[C@@H](N)Cc1ccc(O)cc1)C(=O)N[C@@H](CC(=O)O)C(=O)N[C@@H](Cc1ccccc1)C(N)=O,1
O=C(Nc1ccccc1)NC1C(=O)N(CC23CC4CC(CC(C4)C2)C3)c2ccccc2N(C2CCCCC2)C1=O,1
O=C(Nc1cccc(Cl)c1)NC1C(=O)N(CC23CC4CC(CC(C4)C2)C3)c2ccccc2N(C2CCCCC2)C1=O,1
CC(C)CCN1C(=O)C(NC(=O)Nc2ccccc2)C(=O)N(CCC(C)C)c2ccccc21,1
CC(C)CCN1C(=O)C(NC(=O)Nc2cccc(N(C)C)c2)C(=O)N(CCC(C)C)c2ccccc21,1
CCCC[C@H](NC(=O)[C@H](Cc1ccc(S(=O)(=O)O)cc1)NC(=O)OC(C)(C)C)C(=O)NCC(=O)N[C@@H](Cc1c[nH]c2ccccc12)C(=O)N[C@@H](CCCC)C(=O)N[C@@H](CC(=O)O)C(=O)OCCc1ccccc1,1
CCCC[C@H](NC(=O)[C@@H](Cc1c[nH]c2ccccc12)NC(=O)CNC(=O)[C@H](CCSC)NC(=O)[C@H](Cc1ccc(S(=O)(=O)O)cc1)NC(=O)OC(C)(C)C)C(=O)N[C@@H](CC(=O)O)C(=O)OCCc1ccccc1,1
CC(C)CCN1C(=O)C(NC(=O)Nc2ccccc2)C(=O)N(CC23CC4CC(CC(C4)C2)C3)c2ccccc21,1
CC(C)CCN1C(=O)C(NC(=O)Nc2cccc(N(C)C)c2)C(=O)N(CC23CC4CC(CC(C4)C2)C3)c2ccccc21,1
CCCN1C(=O)[C@H](NC(=O)Nc2ccc3c(c2)CCC3)N=C([C@H]2CC(C)(C)CCN2)c2ccccc21,1
CN1C(=O)[C@H](NC(=O)Nc2ccc3c(c2)CCC3)N=C([C@H]2CC(C)(C)CCN2)c2ccccc21,1
O=C(Nc1ccccc1)N[C@@H]1C(=O)N(CC23CC4CC(CC(C4)C2)C3)c2ccccc2N(c2ccccc2)C1=O,1
O=C(Nc1ccccc1)NC1C(=O)N(CC23CC4CC(CC(C4)C2)C3)c2ccccc2N(c2ccccc2)C1=O,1
Cc1ccc2c(c1)N(CC(=O)NC(C)(C)C)C(=O)[C@H](NC(=O)Nc1cccc(-c3nn[nH]n3)c1)C[C@@H]2c1ccccc1,1
Cc1ccc([C@H]2C[C@@H](NC(=O)Nc3cccc(-c4nn[nH]n4)c3)C(=O)N(CC(=O)NC(C)(C)C)c3cc(C)ccc32)cc1,1
CSCC[C@H](NC(=O)[C@H](Cc1c[nH]c2ccccc12)NC(=O)CNC(=O)[C@H](Cc1ccc(O)cc1)NC(=O)[C@H](C)NC(=O)[C@@H](CO)NC(=O)[C@@H](CO)NC(=O)CN1CCN(CC(=O)O)CCN(CC(=O)O)CCN(CC(=O)O)CC1)C(=O)N[C@@H](CC(=O)O)C(=O)N[C@@H](Cc1ccccc1)C(N)=O,1
CCCC[C@H](NC(=O)[C@H](CC(=O)O)NC(=O)[C@@H](N)Cc1ccccc1)C(=O)N(C)[C@@H](Cc1c[nH]c2ccccc12)C(=O)OC(C)(C)C,1
CCCC[C@H](NC(=O)[C@H](CC(=O)O)NC(=O)[C@@H](N)Cc1ccccc1)C(=O)N[C@H](Cc1c[nH]c2ccccc12)C(=O)OC(C)(C)C,1
CSCC[C@H](NC(=O)[C@H](Cc1c[nH]c2ccccc12)NC(=O)CNC(=O)[C@H](Cc1ccc(O)cc1)NC(=O)[C@H](C)NC(=O)[C@H](CCC(=O)O)NC(=O)[C@H](CCC(=O)O)NC(=O)[C@H](CCC(=O)O)NC(=O)[C@H](CCC(=O)O)NC(=O)[C@H](CCC(=O)O)NC(=O)[C@H](CCC(=O)O)NC(=O)CN1CCN(CC(=O)O)CCN(CC(=O)O)CCN(CC(=O)O)CC1)C(=O)N[C@@H](CC(=O)O)C(=O)N[C@@H](Cc1ccccc1)C(N)=O,1
C[C@](Cc1c[nH]c2ccccc12)(NC(=O)OC1C2CC3CC(C2)CC1C3)C(=O)N[C@@H](CC(=O)O)Cc1ccc(N)c(I)c1,1
C[C@](Cc1c[nH]c2ccccc12)(NC(=O)OC1C2CC3CC(C2)CC1C3)C(=O)NC[C@H](NC(=O)CCC(=O)O)c1ccccc1,1
CCCC[C@H](NC(=O)CCc1ccc(OS(=O)(=O)O)cc1)C(=O)NCC(=O)N[C@@H](Cc1c[nH]c2ccccc12)C(=O)N1CCC(CCC)[C@H]1C(=O)N[C@@H](CC(=O)O)C(=O)N(C)[C@@H](Cc1ccccc1)C(N)=O,1
CCCC[C@H](NC(=O)CCc1ccc(OS(=O)(=O)O)cc1)C(=O)NCC(=O)N[C@@H](Cc1c[nH]c2ccccc12)C(=O)N1CCC[C@H]1C(=O)N[C@@H](CC(=O)O)C(=O)N(C)[C@@H](Cc1ccccc1)C(N)=O,1
CN1C(=O)[C@@H](NC(=O)Nc2ccc(-c3noc(=O)[nH]3)cc2)N=C(c2ccccc2)c2ccccc21,1
CN1C(=O)[C@H](NC(=O)Nc2ccc(-c3noc(=O)[nH]3)cc2)N=C(c2ccccc2)c2ccccc21,1
CCCC[C@H](NC(=O)[C@H](CC(=O)O)NC(=O)[C@H](Cc1ccccc1)NN[C@@H](Cc1ccccc1)C(=O)NCC(=O)N[C@H](C)C(=O)N[C@@H](Cc1ccc(O)cc1)C(=O)O)C(=O)N[C@H](Cc1cn(C(=O)OC2C3CC4CC(C3)CC2C4)c2ccccc12)C(=O)O,1
N=C(N)NCCC[C@@H]1NC(=O)[C@H](Cc2ccc(Cl)cc2)NC(=O)[C@H](Cc2cnc[nH]2)NC(=O)CNC(=O)[C@H](NC(=O)[C@@H](N)Cc2ccc(O)cc2)CC(=O)NCCCC[C@@H](C(=O)N[C@@H](CC(=O)O)C(=O)N[C@H](Cc2ccccc2)C(N)=O)NC(=O)[C@H](Cc2cc3ccccc3[nH]2)NC1=O,1
CC(C)C[C@H](NC(=O)[C@H](Cc1c[nH]c2ccccc12)NC(=O)OC(C)(C)C)C(=O)N1CCC(C(=O)c2ccccc2)CC1,1
Cc1cccc(NC(=O)N[C@H](CCC(=O)OCc2ccccc2)C(=O)N2CCC(C(=O)c3ccccc3)CC2)c1,1
CC(C)(C)OC(=O)N[C@@H](Cc1c[nH]c2ccccc12)C(=O)N[C@@H](CCCCNC(=O)/C=C/c1cccs1)C(=O)N[C@@H](CC(=O)O)C(=O)N[C@@H](Cc1ccccc1)C(N)=O,1
CC(C)(C)OC(=O)N[C@@H](Cc1c[nH]c2ccccc12)C(=O)N[C@@H](CCCCNC(=O)c1cc2cc(O)ccc2[nH]1)C(=O)N[C@@H](CC(=O)O)C(=O)N[C@@H](Cc1ccccc1)C(N)=O,1
Cc1cccc(NC(=O)N[C@H](CS(=O)(=O)Cc2ccccc2)C(=O)N2CCC(C(=O)c3ccccc3)CC2)c1,1
O=C(c1ccc(Br)cc1NS(=O)(=O)c1cccc2ncccc12)N1CCCCC1,1
O=C(c1ccc(Br)cc1NS(=O)(=O)c1cccc2ncsc12)N1CCCCC1,1
Cn1nc2cccc(S(=O)(=O)Nc3cc(Br)ccc3C(=O)N3CCCCC3)c2n1,1
O=C(c1ccc(Br)cc1NS(=O)(=O)c1sc(Cl)cc1Br)N1CCCCC1,1
Cc1cccc(NC(=O)NC2N=C(c3ccccc3)c3ccccc3N(CC(=O)NCC(=O)NCCCOc3cccc(CN4CCCCC4)c3)C2=O)c1,1
COc1ccc(N(C(=O)CN2C(=O)C(Cc3[nH]nc4ccccc34)C(=O)N(c3ccccc3)c3ccccc32)C2CCCC2)cc1,1
O=C(O)CC[C@H](NC(=O)CCC(NC(=O)c1cc(Cl)cc(Cl)c1)C(=O)N1CCC2(CCCC2)CC1)C(=O)Nc1ccc2c(c1)CCC2,1
CC(C)N(C(=O)CN1C(=O)C(Cc2[nH]nc3ccccc23)C(=O)N(c2ccccc2)c2ccccc21)c1ccc2c(c1)OCO2,1
CN(C)c1ccc(N2C(=O)CC3[C@H](N[C@@H](Cc4c[nH]c5ccccc45)C(=O)OC4C5CC6CC(C5)CC4C6)CCCN3C2=O)cc1,1
Cc1cccc(NC(=O)NC2N=C(c3ccccc3)c3cnccc3N(C)C2=O)c1,1
O=C(CCC(NC(=O)c1cc(Cl)cc(Cl)c1)C(=O)N1CCC2(CCCC2)CC1)N[C@H](CC1CCCCC1)C(=O)O,1
Cc1cccc(NC(=O)NC2CCc3ccccc3N(CC(=O)N3CCN(C)CC3)C2=O)c1,1
CN1CCN(C(=O)CCC(NC(=O)c2cc(Cl)cc(Cl)c2)C(=O)N2CCC3(CCCCC3)CC2)CC1,1
CN(C(=O)[C@H](Cc1ccccc1)NC(=O)[C@H](CC(=O)O)NC(=O)[C@@H](N)Cc1ccccc1)[C@@H](Cc1c[nH]c2ccccc12)C(=O)OC(C)(C)C,1
CC(C)(C)OC(=O)N[C@@H](Cc1c[nH]c2ccccc12)C(=O)N[C@@H](CCCNC(=O)OCc1ccccc1)C(=O)N[C@@H](CC(=O)O)C(=O)N[C@@H](Cc1ccccc1)C(N)=O,1
Cc1cccc(NC(=O)NC2N=C(c3cccc(OCC(=O)NCCCOc4cccc(CN5CCCCC5)c4)c3)c3ccccc3N(C)C2=O)c1,1
CCCC[C@H](NC(=O)[C@H](CC(=O)O)NC(=O)[C@H](Cc1ccccc1)NN[C@@H](Cc1ccccc1)C(=O)NCC(=O)N[C@H](C)C(=O)N[C@@H](Cc1ccc(O)cc1)C(=O)O)C(=O)N[C@H](Cc1cn(C(=O)OC23CC4CC(CC(C4)C2)C3)c2ccccc12)C(=O)O,1
O=C(NC1N=C(c2ccccc2F)c2ccccc2N(C(=O)c2ccc(Cl)cc2)C1=O)c1ccc(Cl)cc1,1
CN1C(=O)[C@H](NC(=O)Nc2cccc(C(=O)NCCCOc3cccc(CN4CCCCC4)c3)c2)N=C(c2ccccc2)c2ccccc21,1
O=C1C(Cc2[nH]nc3ccccc23)C(=O)N(c2ccccc2)c2ccccc2N1CC(=O)N(c1ccccc1)C1CC1,1
O=C(c1ccc(-n2cccc2)cc1NS(=O)(=O)c1cccc2nsnc12)N1CCCCC1,1
COC(=O)c1c(C)oc(C)c1S(=O)(=O)Nc1cc(Br)ccc1C(=O)N1CCCCC1,1
O=C(Nc1ccc(Cl)cc1)NC1N=C(c2ccccc2)c2ccccc2N(Cc2nn[nH]n2)C1=O,1
CC(C)(C)OC(=O)N[C@@H](Cc1c[nH]c2ccccc12)C(=O)N[C@@H](CCCCNC(=O)Cc1ccc(O)cc1)C(=O)N[C@@H](CC(=O)O)C(=O)N[C@@H](Cc1ccccc1)C(N)=O,1
CC(C)(C)OC(=O)CN1C(=O)C(NC(=O)Nc2cccc3ccccc23)CCc2ccccc21,1
O=C(Nc1cccc2ccccc12)NC1CCc2ccccc2N(CC(=O)N2CCCC2)C1=O,1
Cc1cccc(NC(=O)N[C@H](CC(=O)OCc2ccccc2)C(=O)N2CCC(C(=O)c3ccccc3)CC2)c1,1
Cc1cccc(NC(=O)N[C@H](CSCc2ccccc2)C(=O)N2CCC(C(=O)c3ccccc3)CC2)c1,1
O=C(CN1C(=O)N(CC(=O)N2CCCC2)c2ccccc2N(c2ccccc2)C1=O)Nc1cccc(C(=O)O)c1,1
CN1C(=O)[C@H](NC(=O)Nc2cccc(C(=O)NCCSCc3csc(N=C(N)N)n3)c2)N=C(c2ccccc2)c2ccccc21,1
Cc1cccc(NC(=O)NC2N=C(c3ccccc3)c3ccccc3N(CC(=O)NCC(=O)NCCSCc3csc(N=C(N)N)n3)C2=O)c1,1
CN1C(=O)[C@H](NC(=O)Nc2cccc(OCCNC(=O)COCC(=O)NNC(=O)COCC(=O)N[C@H]3CC[C@@]4(O)[C@H]5Cc6cc(O)cc7c6[C@@]4(CCN5C)[C@H]3O7)c2)N=C(c2ccccc2)c2ccccc21,1
CN1C(=O)C(NC(=O)Nc2ccccn2)N=C(c2ccccc2)c2ccccc21,1
CCCC[C@H](NC(=O)CCc1ccc(OS(=O)(=O)O)cc1)C(=O)NCC(=O)N(Cc1c[nH]c2ccccc12)C(=O)N[C@@H](CCCC)C(=O)NC(=O)c1ccccc1C[C@@H](C)NC(=O)[C@H](CC(=O)O)NC,1
O=C(N[C@H]1N=C(c2ccccc2F)c2cccc3c2N(CC3)C1=O)c1cc2ccccc2[nH]1,1
O=C(CCC(NC(=O)c1cc(Cl)cc(Cl)c1)C(=O)N1CCC2(CCCC2)CC1)N[C@H](Cc1ccccn1)C(=O)O,1
O=C(Nc1ccc(Cl)cc1)NC1N=C(c2ccccc2)c2ccccc2N(C[C@@H](O)CN2CCCC2)C1=O,1
CNc1cccc(NC(=O)CN2N=C(c3ccccn3)c3ccccc3N(CC(=O)c3ccccc3C)C2=O)c1,1
CN1C(=O)[C@H](NC(=O)Nc2cccc(OCCNC(=O)COCC(=O)NCCCCCCNC(=O)COCC(=O)N[C@H]3CC[C@@]4(O)[C@H]5Cc6cc(O)cc7c6[C@@]4(CCN5C)[C@H]3O7)c2)N=C(c2ccccc2)c2ccccc21,1
O=C(c1ccc(Cl)cc1NS(=O)(=O)c1cccc2nsnc12)N1CCCC1,1
CN1C(=O)[C@H](NC(=O)Nc2cccc(CC(=O)NCCCC(=O)NCCSCc3csc(N=C(N)N)n3)c2)N=C(c2ccccc2)c2ccccc21,1
CN1C(=O)[C@H](NC(=O)Nc2cccc(CC(=O)NCCCOc3cccc(CN4CCCCC4)c3)c2)N=C(c2ccccc2)c2ccccc21,1
Cc1ccccc1NC(=O)NCCCC[C@@H](CNC(=O)CCC(=O)O)NC(=O)[C@@](C)(Cc1c[nH]c2ccccc12)NC(=O)OC1C2CC3CC(C2)CC1C3,1
COC(=O)[C@H](Cc1c[nH]c2ccccc12)NP(=O)(O)OCC1OC(n2cc(C)c(=O)[nH]c2=O)CC1N=[N+]=[N-],1
CN1C(=O)[C@H](NC(=O)Nc2cccc(OCCNC(=O)COCC(=O)N[C@H]3CC[C@@]4(O)[C@H]5Cc6cc(O)cc7c6[C@@]4(CCN5C)[C@H]3O7)c2)N=C(c2ccccc2)c2ccccc21,1
Cc1cccc(NC(=O)N[C@@H]2N=C(c3cccc(OC(=O)NCCCC(=O)NCCCOc4cccc(CN5CCCCC5)c4)c3)c3ccccc3N(C)C2=O)c1,1
O=C(O)CC[C@H](NC(=O)CCC(NC(=O)c1cc(Cl)cc(Cl)c1)C(=O)N1CCC2(CCCC2)CC1)C(=O)N1CCc2ccccc21,1
Cc1cccc(NC(=O)NC2N=C(c3ccccc3)c3ccccc3N(CC(=O)NCCCC(=O)NCCCOc3cccc(CN4CCCCC4)c3)C2=O)c1,1
Cc1cccc(NC(=O)NC2N=C(c3cccc(OCC(=O)NCCC(=O)NCCCOc4cccc(CN5CCCCC5)c4)c3)c3ccccc3N(C)C2=O)c1,1
C[C@@H]1C=C[C@H](C)N1C(=O)c1ccc(Cl)cc1NS(=O)(=O)c1cccc2nsnc12,1
CNc1cccc(NC(=O)CN2N=C(c3ccccn3)c3ccccc3N(CC(=O)C(C)(C)C)C2=O)c1,1
Cc1cccc(NC(=O)NC2N=C(c3ccccc3)c3ccccc3N(CC(=O)NCCCC(=O)NCCSCc3csc(N=C(N)N)n3)C2=O)c1,1
Cc1cccc(NC(=O)NC2N=C(c3ccccc3)c3ccccc3N(CC(=O)NCCC(=O)NCCCOc3cccc(CN4CCCCC4)c3)C2=O)c1,1
O=C(O)CC[C@H](NC(=O)CCC(NC(=O)c1cc(Cl)cc(Cl)c1)C(=O)N1CCC2(CCCC2)CC1)C(=O)N1CCC2CCCCC2C1,1
CN1C(=O)[C@@H](NC(=O)/C=C/c2ccccc2)N=C(c2ccccc2)c2ccccc21,1
Cc1cccc(NC(=O)N[C@H](COC(=O)N2CCOCC2)C(=O)N2CCC(C(=O)c3ccccc3)CC2)c1,1
CCCCCN(CCCCC)C(=O)[C@H](CCC(=O)O)NC(=O)c1cc2ccccc2[nH]1,1
Cc1cccc(NC(=O)N[C@H](C[S+]([O-])Cc2ccccc2)C(=O)N2CCC(C(=O)c3ccccc3)CC2)c1,1
CN1C(=O)[C@H](NC(=O)Nc2cccc(CC(=O)NCCSCc3csc(N=C(N)N)n3)c2)N=C(c2ccccc2)c2ccccc21,1
CN(C(=O)[C@@H](CCC(=O)O)NC(=O)CCC(NC(=O)c1cc(Cl)cc(Cl)c1)C(=O)N1CCC2(CCCC2)CC1)c1ccccc1,1
CC(C)Oc1cccc(-n2c(CCc3c[nH]c4ccc(Br)cc34)nc3ccccc3c2=O)c1,1
Cc1cccc(NC(=O)N[C@H](COCc2ccccc2)C(=O)N2CCC(C(=O)Nc3ccccc3)CC2)c1,1
O=C(c1ccc(-c2ccccc2)cc1NS(=O)(=O)c1cccc2nsnc12)N1CCCCC1,1
O=C(c1ccc(OC2CCCC2)cc1NS(=O)(=O)c1cccc2nsnc12)N1CCCCC1,1
CC(C)N(C(=O)CN1C(=O)C(NC(=O)Nc2ccccc2)C(=O)N(c2ccccc2)c2ccccc21)c1ccc(N2CCOCC2)cc1,1
Cc1cccc(NC(=O)NC2N=C(c3ccccc3)c3ccccc3N(CC(=O)NCCCOc3cccc(CN4CCCCC4)c3)C2=O)c1,1
CC(C)N(Cc1ccccc1)C(=O)CN1C(=O)[C@@H](Cc2c[nH]c3ccccc23)c2nnc(-c3ccccc3)n2-c2ccccc21,1
CCCC[C@H](NC(=O)CCc1ccc(OS(=O)(=O)O)cc1)C(=O)NCC(=O)N[C@@H](Cc1c[nH]c2ccccc12)C(=O)N[C@@H](CCCC)C(=O)N1CC(OS(=O)(=O)O)C[C@H]1C(=O)N[C@@H](Cc1ccccc1)C(N)=O,1
Cc1cccc(NC(=O)NC2N=C(N3CCCC3)c3ccccc3N(C)C2=O)c1,1
CN1C(=O)[C@H](NC(=O)Nc2cccc(CC(=O)NCCC(=O)NCCCOc3cccc(CN4CCCCC4)c3)c2)N=C(c2ccccc2)c2ccccc21,1
CN1C(=O)[C@H](NC(=O)Nc2ccc(CC(=O)NCCC(=O)NCCCOc3cccc(CN4CCCCC4)c3)cc2)N=C(c2ccccc2)c2ccccc21,1
Cc1cccc(NC(=O)N[C@@H]2N=C(c3ccccc3)c3ccccc3N(CCOC(=O)NCCCC(=O)NCCCOc3cccc(CN4CCCCC4)c3)C2=O)c1,1
Cc1cccc(NC(=O)NC2N=C(c3cccc(OCC(=O)NCCSCc4csc(N=C(N)N)n4)c3)c3ccccc3N(C)C2=O)c1,1
CSCC[C@H](NC(=O)[C@H](Cc1c[nH]c2ccccc12)NC(=O)CCC(=O)N(Cc1ccccc1)N=NCCCl)C(=O)N[C@@H](CC(=O)O)C(=O)N[C@@H](Cc1ccccc1)C(N)=O,1
COc1ccc(N(C(=O)CN2C(=O)C(Cc3n[nH]c4c3CCCC4)C(=O)N(c3ccccc3)c3ccccc32)C(C)C)cc1,1
O=C(CCC(NC(=O)c1cc(Cl)cc(Cl)c1)C(=O)N1CCC2(CCCC2)CC1)NC(CCc1ccccc1)C(=O)O,1
CN1C(=O)[C@H](NC(=O)c2ccc(Cl)cc2)N=C(c2ccccc2)c2ccccc21,0
CN1C(=O)[C@@H](NC(=O)c2ccccc2I)N=C(c2ccccc2F)c2ccccc21,0
O=C(NC1N=C(c2ccccc2F)c2ccccc2NC1=O)c1ccc(Cl)cc1,0
O=C(NC1N=C(c2ccccc2F)c2ccccc2NC1=O)c1ccccc1Cl,0
O=C(NC1N=C(c2ccccc2)c2ccccc2NC1=O)c1cccc(Cl)c1,0
CN1C(=O)[C@@H](NC(=O)c2ccccc2Br)N=C(c2ccccc2F)c2ccccc21,0
N#Cc1ccc(C(=O)NC2N=C(c3ccccc3)c3ccccc3NC2=O)cc1,0
O=C(NC1N=C(c2ccccc2)c2ccccc2NC1=O)c1ccc(Cl)c(Cl)c1,0
O=C(NC1N=C(c2ccccc2F)c2ccccc2NC1=O)c1ccccc1,0
CN1C(=O)C(NC(=O)c2ccccc2Cl)N=C(c2ccccc2)c2ccccc21,0
O=C(NC1N=C(c2ccccc2)c2ccccc2NC1=O)c1ccc(O)cc1,0
O=C(NC1N=C(c2ccccc2)c2ccccc2NC1=O)c1ccc(C(F)(F)F)cc1,0
CN1C(=O)[C@@H](NC(=O)c2ccccc2I)N=C(c2ccccc2)c2ccccc21,0
O=C(NC1N=C(c2ccccc2F)c2ccccc2NC1=O)c1c(F)c(F)c(F)c(F)c1F,0
CC(C)(C)c1ccc(C(=O)NC2N=C(c3ccccc3)c3ccccc3NC2=O)cc1,0
CN1C(=O)C(NC(=O)c2ccc(Cl)cc2)N=C(c2ccccc2)c2ccccc21,0
COc1ccc(C(=O)NC2N=C(c3ccccc3F)c3ccccc3NC2=O)cc1OC,0
O=C(NC1N=C(c2ccccc2)c2ccccc2NC1=O)c1ccccc1Cl,0
CCCCCc1ccc(C(=O)N[C@H]2N=C(c3ccccc3F)c3ccccc3N(C)C2=O)cc1,0
CCCc1ccc(C(=O)NC2N=C(c3ccccc3)c3ccccc3NC2=O)cc1,0
CCCCCc1ccc(C(=O)NC2N=C(c3ccccc3)c3ccccc3NC2=O)cc1,0
O=C(NC1N=C(c2ccccc2)c2ccccc2NC1=O)c1ccc(SC(F)(F)F)cc1,0
CN(C)c1ccc(C(=O)NC2N=C(c3ccccc3F)c3ccccc3NC2=O)cc1,0
CCCCCc1ccc(C(=O)N[C@H]2N=C(c3ccccc3)c3ccccc3N(C)C2=O)cc1,0
CN1C(=O)C(N(C)C(=O)c2ccccc2Cl)N=C(c2ccccc2)c2ccccc21,0
CCCCCc1ccc(C(=O)NC2N=C(c3ccccc3F)c3ccccc3N(C)C2=O)cc1,0
CCCCCc1ccc(C(=O)N[C@@H]2N=C(c3ccccc3)c3ccccc3N(C)C2=O)cc1,0
CN1C(=O)[C@@H](NC(=O)c2ccccc2Cl)N=C(c2ccccc2)c2ccccc21,0
O=C(NC1N=C(c2ccccc2)c2ccccc2NC1=O)c1cc(Cl)cc(Cl)c1,0
CN1C(=O)[C@@H](Cc2c[nH]c3ccccc23)N=C(c2ccccc2F)c2ccccc21,0
N#CCCN1C(=O)[C@@H](Cc2c[nH]c3ccccc23)N=C(c2ccccc2F)c2ccccc21,0
CN1C(=O)[C@@H](Cc2c[nH]c3ccccc23)N=C(c2ccccc2)c2ccccc21,0
CC(C)CCN1C(=O)[C@@H](Cc2c[nH]c3ccccc23)N=C(c2ccccc2F)c2ccccc21,0
O=C(O)c1ccccc1C1=N[C@H](Cc2c[nH]c3ccccc23)C(=O)Nc2ccccc21,0
CN(C)CCN1C(=O)[C@@H](Cc2c[nH]c3ccccc23)N=C(c2ccccc2F)c2ccccc21,0
CCOC(=O)CN1C(=O)[C@@H](Cc2c[nH]c3ccccc23)N=C(c2ccccc2F)c2ccccc21,0
O=C1Nc2ccc(Cl)cc2C(c2ccccc2)=N[C@@H]1Cc1c[nH]c2ccccc12,0
O=C1Nc2ccccc2C(c2ccccc2F)=N[C@@H]1Cc1c[nH]c2ccccc12,0
CN1C(=O)[C@@H](Cc2cn(C)c3ccccc23)N=C(c2ccccc2F)c2ccccc21,0
O=C1Nc2ccccc2C(c2ccccc2)=N[C@@H]1Cc1c[nH]c2ccccc12,0
CN1C(=O)[C@@H](Cc2cn(C)c3ccccc23)N=C(c2ccccc2)c2ccccc21,0
O=C1Nc2ccc(Cl)cc2C(c2ccccc2)=N[C@H]1Cc1c[nH]c2ccccc12,0
O=C1Nc2ccccc2C(c2ccccc2F)=N[C@H]1Cc1c[nH]c2ccccc12,0
CCN1C(=O)[C@@H](Cc2c[nH]c3ccccc23)N=C(c2ccccc2F)c2ccccc21,0
O=C1[C@@H](Cc2c[nH]c3ccccc23)N=C(c2ccccc2F)c2ccccc2N1CC(F)(F)F,0
O=C1Nc2ccccc2C(c2ccccc2F)=NC1Cc1c[nH]c2cc(F)ccc12,0
CN1C(=O)[C@@H](Cc2c[nH]c3ccccc23)N=C(c2ccccc2)c2cc(Cl)ccc21,0
O=C1Nc2ccc(Cl)cc2C(c2ccccc2Cl)=N[C@@H]1Cc1c[nH]c2ccccc12,0
CCCCCN1C(=O)[C@@H](Cc2c[nH]c3ccccc23)N=C(c2ccccc2F)c2ccccc21,0
O=C1Nc2ccccc2C(c2ccccc2F)=NC1Cc1c[nH]c2ccc(F)cc12,0
CN1C(=O)[C@@H](NC(=O)C(C)(C)C)N=C(c2ccccc2)c2ccccc21,0
CCOC(=O)CN1C(=O)C(NC=O)N=C(c2ccccc2)c2ccccc21,0
CC(C)C[C@H]1N=C(c2ccccc2)c2cc(Cl)ccc2NC1=O,0
CN1C(=O)C(NC(=O)NC(C)(C)C)N=C(c2ccccc2)c2ccccc21,0
CC(=O)NC1N=C(c2ccccc2F)c2ccccc2NC1=O,0
CC(C)C(=O)N[C@H]1N=C(c2ccccc2)c2ccccc2N(C)C1=O,0
CN1C(=O)CN=C(c2ccccc2)c2ccccc21,0
CN1C(=O)C(NC(N)=O)N=C(c2ccccc2)c2ccccc21,0
NC1N=C(c2ccccc2)c2ccccc2NC1=O,0
CN1C(=O)CN=C(c2ccccc2F)c2ccccc21,0
CN1C(=O)C(N)N=C(c2ccccc2F)c2ccccc21,0
NCC1N=C(c2ccccc2F)c2ccccc2NC1=O,0
CN1C(=O)[C@H](N)N=C(c2ccccc2)c2ccccc21,0
NC1N=C(c2ccccc2F)c2ccccc2NC1=O,0
CN1C(=O)[C@@H](N)N=C(c2ccccc2)c2ccccc21,0
CC(C)CCC(=O)N[C@H]1N=C(c2ccccc2)c2ccccc2N(C)C1=O,0
CN1CC(CC2N=C(c3ccccc3)c3ccccc3N(C)C2=O)c2ccccc21,0
O=C1Nc2ccccc2C(c2ccccc2)=NC1C[C@H]1CNc2ccccc21,0
CC(C)C[C@@H](NC(=O)OC(C)(C)C)C(=O)N1C[C@H](CC2N=C(c3ccccc3F)c3ccccc3NC2=O)c2ccccc21,0
CC(C)C[C@@H](NC(=O)OC(C)(C)C)C(=O)N1C[C@@H](CC2N=C(c3ccccc3F)c3ccccc3NC2=O)c2ccccc21,0
O=C1Nc2ccccc2C(c2ccccc2)=NC1C[C@@H]1CNc2ccccc21,0
CC(C)C[C@H](NC(=O)OC(C)(C)C)C(=O)N1C[C@H](CC2N=C(c3ccccc3F)c3ccccc3NC2=O)c2ccccc21,0
CC(C)CC(N)C(=O)N1CC(CC2N=C(c3ccccc3)c3ccccc3NC2=O)c2ccccc21,0
CC(C)CC(NC(=O)OC(C)(C)C)C(=O)N1CC(CC2N=C(c3ccccc3)c3ccccc3NC2=O)c2ccccc21,0
CN1C[C@@H](CC2N=C(c3ccccc3)c3ccccc3N(C)C2=O)c2ccccc21,0
CN1C(=O)C(NC(=O)[C@@H](Cc2ccccc2)NC(=O)OC(C)(C)C)N=C(c2ccccc2)c2ccccc21,0
CN1C(=O)[C@@H](NC(=O)[C@H](N)Cc2ccccc2)N=C(c2ccccc2)c2ccccc21,0
CN1C(=O)[C@H](NC(=O)[C@H](N)Cc2ccccc2)N=C(c2ccccc2)c2ccccc21,0
CC(C)(C)OC(=O)N[C@H](Cc1ccccc1)C(=O)NC1N=C(c2ccccc2)c2ccccc2NC1=O,0
N[C@H](Cc1ccccc1)C(=O)NC1N=C(c2ccccc2)c2ccccc2NC1=O,0
CC(=O)NCSCC(NC(=O)OC(C)(C)C)C(=O)NCC1CN=C(c2ccccc2F)c2ccccc2N1C,0
CCN(CC)CNCC1CN=C(c2ccccc2F)c2ccccc2N1C,0
CC(=O)NCSCC(=O)NCC1CN=C(c2ccccc2F)c2ccccc2N1C,0
CC(C)COC(=O)NCC1CN=C(c2ccccc2F)c2ccccc2N1C,0
CN1C(=O)C(NC(=O)c2cc3ccccc3n2C)N=C(c2ccccc2)c2ccccc21,0
O=C(NC1N=C(c2ccccc2F)c2ccccc2NC1=O)c1cc2cc(Cl)ccc2[nH]1,0
O=C(NC1N=C(c2ccccc2F)c2ccccc2NC1=O)c1cc2cc(O)ccc2[nH]1,0
Cc1nnc2n1-c1ccccc1C(c1ccccc1F)=N[C@@H]2Cc1c[nH]c2ccccc12,0
Fc1ccccc1C1=N[C@H](Cc2c[nH]c3ccccc23)c2nncn2-c2ccccc21,0
CN(C)Cc1nnc2n1-c1ccccc1C(c1ccccc1F)=N[C@@H]2Cc1c[nH]c2ccccc12,0
Fc1ccccc1C1=N[C@H](Cc2c[nH]c3ccccc23)c2nnc(C(Cl)(Cl)Cl)n2-c2ccccc21,0
O=C1Nc2ccc(Cl)cc2C(c2ccccc2)N[C@H]1Cc1c[nH]c2ccccc12,0
CC(=O)N1C(Cc2cn(C)c3ccccc23)C(=O)N(C)c2ccccc2[C@@H]1c1ccccc1F,0
O=C1Nc2ccc(Cl)cc2C(c2ccccc2)N[C@@H]1Cc1c[nH]c2ccccc12,0
CN1c2ccccc2C(c2ccccc2F)=NCC1CNC(=O)c1ccc(Cl)cc1,0
CN1c2ccccc2C(c2ccccc2F)=NCC1CNC(=O)c1ccccc1F,0
Cc1ccc(C(=O)NC[C@@H]2CN=C(c3ccc(F)cc3)c3ccc(C)cc3N2C)cc1,0
Cc1cccc(C)c1NC(=O)NCCCC[C@H](NC(=O)[C@H](Cc1c[nH]c2ccccc12)NC(=O)OC(C)(C)C)C(=O)N[C@@H](CC(=O)O)C(=O)N[C@@H](Cc1ccccc1)C(N)=O,0
Cc1cccc(C)c1NC(=O)NCCCC[C@H](NC(=O)C(Cc1c[nH]c2ccccc12)NC(=O)OC(C)(C)C)C(=O)NC(CC(=O)O)C(=O)NC(Cc1ccccc1)C(N)=O,0
CN[C@@H](Cc1c[nH]c2ccccc12)C(=O)N[C@@H](CCCCNC(=O)Nc1ccccc1C)C(=O)N(C)[C@@H](CC(=O)O)C(=O)N[C@@H](Cc1ccccc1)C(N)=O,0
O=C(CCc1c[nH]c2ccccc12)NC1N=C(c2ccccc2)c2ccccc2NC1=O,0
CC(C)(C)OC(=O)N[C@H](Cc1c[nH]c2ccccc12)C(=O)NC1N=C(c2ccccc2)c2ccccc2NC1=O,0
CC(C)(C)OC(=O)N[C@@H](Cc1c[nH]c2ccccc12)C(=O)NC1N=C(c2ccccc2)c2ccccc2NC1=O,0
CCCC[C@@H](NC(=O)[C@@H](CC(=O)O)NC(=O)[C@H](N)Cc1ccccc1)C(=O)N[C@@H](Cc1cc2ccccc2[nH]1)C(=O)NNC(=O)[C@H](Cc1ccccc1)NC(=O)CNC(=O)[C@@H](C)NC(=O)[C@@H](N)Cc1ccc(O)cc1,0
CCCC[C@H](NC(=O)[C@H](N)Cc1cc2ccccc2[nH]1)C(=O)N[C@@H](CC(=O)O)C(=O)N[C@@H](Cc1ccccc1)C(=O)NNC(=O)[C@H](Cc1ccccc1)NC(=O)CNC(=O)[C@@H](C)NC(=O)[C@@H](N)Cc1ccc(O)cc1,0
O=C1[C@H](Cc2c[nH]c3ccccc23)N=C(c2ccccc2)c2cc(Cl)ccc2N1Cc1ccccc1,0
O=C1[C@@H](Cc2c[nH]c3ccccc23)N=C(c2ccccc2)c2cc(Cl)ccc2N1Cc1ccccc1,0
Cc1nnc2n1-c1ccc(Cl)cc1C(c1ccccc1Cl)=NC2,0
Cc1nnc2n1-c1ccc(Cl)cc1C(c1ccccc1)=NC2,0
CCN(CC)c1ccc(NCC2CN=C(c3ccccc3F)c3ccccc3N2C)cc1C(F)(F)F,0
CN1c2ccccc2C(c2ccccc2F)=NCC1CNc1cccc(C(F)(F)F)c1,0
COC(C(=O)NCC1CN=C(c2ccccc2F)c2ccccc2N1C)(c1ccccc1)C(F)(F)F,0
CN1c2ccccc2C(c2ccccc2F)=NCC1CNC(=O)C(O)c1ccccc1,0
CN1C(=O)/C(=C/c2ccsc2)N=C(c2ccccc2)c2ccccc21,0
CN1C(=O)/C(=C\c2ccsc2)N=C(c2ccccc2)c2ccccc21,0
CC(=O)N[C@@H](Cc1c[nH]c2ccccc12)C(=O)NC(Cc1ccc(NC(=O)Nc2ccccc2Cl)cc1)C(=O)N[C@@H](CC(=O)O)C(=O)N[C@H](Cc1ccc(C)cc1)C(N)=O,0
CC(=O)N[C@@H](Cc1c[nH]c2ccccc12)C(=O)NC(Cc1ccc(NC(=O)Nc2ccccc2C)cc1)C(=O)N[C@@H](CC(=O)O)C(=O)N[C@H](Cc1ccc(C)cc1)C(N)=O,0
CC(C)CC(CC(=O)N[C@H](CC(=O)O)C(=O)N[C@H](Cc1ccccc1)C(N)=O)NC(=O)C(Cc1c[nH]c2ccccc12)NC(=O)OC(C)(C)C,0
CC(C)C[C@H](CC(=O)N[C@@H](CC(=O)O)C(=O)N[C@@H](Cc1ccccc1)C(N)=O)NC(=O)[C@@H](Cc1c[nH]c2ccccc12)NC(=O)OC(C)(C)C,0
CCCCCN(CCCCC)C(=O)C(CCC(=O)N1CCN(C)CC1)NC(=O)c1ccc(Cl)c(Cl)c1,0
CN1CCN(C(=O)CCC(NC(=O)c2cccc(Cl)c2)C(=O)NCCC(C)(C)C)CC1,0
CN1c2ccccc2C(c2ccccc2F)=NCC1CNC(=O)C(Cc1c[nH]c2ccccc12)NC(=O)OC(C)(C)C,0
CN1c2ccccc2C(c2ccccc2F)=NCC1CNC(=O)C(N)Cc1c[nH]c2ccccc12,0
CC(C)C[C@H](NC(=O)[C@@H](Cc1c[nH]c2ccccc12)NC(=O)OC(C)(C)C)C(=O)N[C@H](CC(=O)O)CC(=O)NC(Cc1ccccc1)C(N)=O,0
CCCC[C@@H](C(=O)N[C@@H](CC(=O)O)C(=O)N[C@@H](Cc1ccccc1)C(N)=O)N(C)C(=O)[C@H](Cc1c[nH]c2ccccc12)NC(=O)CC(N)=O,0
CC(C)C[C@H](NC(=O)[C@H](Cc1c[nH]c2ccccc12)NC(=O)OC(C)(C)C)C(=O)N[C@@H](CC(=O)O)C(=O)N[C@H](CC(N)=O)Cc1ccccc1,0
CCCN(CCC)C(=O)[C@@H](CCC(=O)O)NC(=O)c1cc2ccccc2[nH]1,0
CCCN(CCC)C(=O)[C@H](CCC(=O)O)NC(=O)c1cc2ccccc2[nH]1,0
CCCN(CCC)C(=O)C(CCC(=O)O)NC(=O)c1ccccc1,0
CN1c2ccccc2C(c2ccccc2)=NCC1CCNC(=O)c1cccs1,0
CN1c2ccc(Cl)cc2C(c2ccccc2)=NCC1CCNC(=O)c1cccs1,0
CN1C(=O)C(NC(=O)Cc2c[nH]c3ccccc23)N=C(c2ccccc2)c2ccccc21,0
O=C(Cc1c[nH]c2ccccc12)NC1N=C(c2ccccc2)c2ccccc2NC1=O,0
COc1ccc(N(C(=O)CN2C(=O)C(Cc3nn(Cc4ccccc4)c4ccccc34)C(=O)N(c3ccccc3)c3ccccc32)C(C)C)cc1,0
C#CCCC(=O)NCCCC[C@H](NC(C)=O)C(=O)N[C@@H](CO)C(=O)N[C@@H](CCCC)C(=O)N[C@@H](CCC(=O)O)C(=O)N[C@@H](Cc1cnc[nH]1)C(=O)N[C@H](Cc1ccccc1)C(=O)N[C@@H](CCCN=C(N)N)C(=O)N[C@@H](Cc1c[nH]c2ccccc12)C(N)=O,0
COc1ccc(N(C(=O)CN2C(=O)C(Cc3noc4ccccc34)C(=O)N(c3ccccc3)c3ccccc32)C(C)C)cc1,0
CN1CCN(C(=O)CCC(NC(=O)c2cc(Cl)cc(Cl)c2)C(=O)N2CCC3(CCCC3)CC2)CC1,0
CCCC[C@@H](NC(=O)[C@H](CC(=O)O)NC(=O)CCc1ccccc1)NC(=O)[C@@H](Cc1c[nH]c2ccccc12)NC(=O)OC(C)(C)C,0
O=C(NC1N=C(c2ccccc2)c2ccccc2NC1=O)C1Cc2ccccc2N1,0
CN1C(=O)[C@@H](NC(=O)C2CCCCC2)N=C(c2ccccc2)c2ccccc21,0
O=C1Nc2ccc(Cl)cc2C(c2ccccc2)=NC1Cc1ccc2ccccc2c1,0
CN1c2ccccc2C(c2ccccc2F)NCC1CNC(=O)c1ccsc1,0
CN1c2ccccc2C(c2ccccc2F)=NCC1CNC(=O)c1ccsc1,0
S=C1Nc2ccc(Cl)cc2C(c2ccccc2)=N[C@@H]1Cc1c[nH]c2ccccc12,0
COC(=O)c1cc2c(cn1)[nH]c1ccccc12,0
O=C(NCC1CNc2ccccc2C(c2ccccc2F)=N1)C(O)c1ccccc1,0
CC(C)C[C@]1(C)N[C@H]2N(C1=O)c1ccccc1[C@@]2(O)C[C@@H]1NC(=O)c2ccccc2-n2c1nc1ccccc1c2=O,0
O=C1Nc2ccc(Cl)cc2C(c2ccccc2)=N[C@@H]1Cc1ccccc1,0
O=C1Nc2ccccc2C(c2ccccc2F)=NC1CNc1cnc(Cl)cn1,0
CN1C(=O)[C@@H](Cc2cn(C(=O)c3ccc(Cl)cc3)c3ccccc23)N=C(c2ccccc2F)c2ccccc21,0
O=C1Nc2ccc(Cl)cc2C(c2ccccc2)=NC1Cc1cccc2ccccc12,0
O=C1Nc2ccccc2C(c2ccccc2F)=NC1c1ccsc1,0
CN1C(=O)[C@@H](Cc2cn(Cc3ccccc3)c3ccccc23)N=C(c2ccccc2)c2cc(Cl)ccc21,0
Fc1ccccc1C1=N[C@H](Cc2c[nH]c3ccccc23)c2nnc(-c3ccccc3)n2-c2ccccc21,0
CN1c2ccccc2C(c2ccccc2F)=NCC1CN1C(=O)c2ccccc2C1=O,0
O=C1Nc2ccccc2C1C[C@H]1N=C(c2ccccc2)c2cc(Cl)ccc2NC1=O,0
CCCCCN(CCCCC)C(=O)[C@@H](Cc1c[nH]c2ccccc12)NC(=O)c1ccc2ccccc2n1,0
O=C1Nc2ccccc2C(c2ccccc2)=NC1NCCc1c[nH]c2ccccc12,0
O=C(NCC1N=C(c2ccccc2F)c2ccccc2NC1=O)OCc1ccccc1,0
O=C1Nc2ccc(Cl)cc2C(c2ccccc2)=N[C@@H]1Cc1ccc(OCc2ccccc2)cc1,0
O=C(NC1N=C(c2ccccc2)c2ccccc2NC1=O)c1cnccn1,0
O=C(NCC1CNc2ccccc2C(c2ccccc2F)=N1)OCc1ccccc1,0
O=C(NCC1N=C(c2ccccc2F)c2ccccc2NC1=O)c1ccsc1,0
O=C1Nc2ccccc2C(c2ccccc2F)=NC1CNCC1N=C(c2ccccc2F)c2ccccc2NC1=O,0
CN1c2ccccc2C(c2ccccc2F)=NCC1CNC(=O)c1cccnc1,0
O=C(NC1N=C(c2ccccc2)c2ccccc2NC1=O)c1ccc(-c2ccccc2)cc1,0
O=C(CC[C@H](NC(=O)c1cc2ccccc2[nH]1)C(=O)N(C1CCCCC1)C1CCCCC1)OCc1ccccc1,0
CN1C(=O)[C@@H](Cc2cn(C)c3ccccc23)N(C(=O)c2ccc(Cl)cc2)C(c2ccccc2F)c2ccccc21,0
COC(=O)CC(NCC1CN=C(c2ccccc2F)c2ccccc2N1C)c1ccccc1,0
CCCCOC(=O)CCNC(=O)[C@H](Cc1c[nH]c2ccccc12)NC(=O)[C@@H](CCCC)NC(=O)[C@H](CC(=O)O)NC(=O)CCc1ccccc1,0
CC1=N[C@H](Cc2c[nH]c3ccccc23)C(=O)Nc2ccccc21,0
CCCCOC(=O)CCNC(=O)[C@H](Cc1c[nH]c2ccccc12)NC(=O)[C@@H](CCCC)NC(=O)[C@H](CC(=O)O)NC(=O)NCc1ccccc1,0
CCCCOC(=O)CCNC(=O)[C@H](Cc1c[nH]c2ccccc12)NC(=O)[C@@H](CCCC)NC(=O)[C@H](CC(=O)O)NC(=O)OCc1ccccc1,0
